text,label,prediction
John McEnroe had rivalries with other tennis players in the 1980's.,1,False
Rock music originated in the southern United States.,1,False
Friday the 13th is series of films.,1,False
Pirates of the Caribbean is a series of movies.,1,True
Cher is an American singer-actress.,1,True
Transformers: Age of Extinction was released.,1,False
Mark Millar has hated on Kick-Ass.,1,False
Indiana Jones has been acted by Corey Carrier.,1,False
The Royal Tenenbaums stars an actor.,1,False
The United States Naval Academy is a service institution.,1,True
Canada is a place.,1,True
John Cena won the UPW Heavyweight Championship in 2000.,1,True
Glenn Frey is a performer.,1,True
The Nile drains through Thailand.,1,False
Hamlet (1990 film) starred an American actor and filmmaker born in April of 1956.,1,False
Murder on the Orient Express starred an actor from the United States.,1,False
The Hellenic goddess of virginity was called Artemis.,1,False
Iron Man is a city.,1,True
There was a period of peace that the country of Lebanon experienced.,1,True
Will Turner is the son of a fictional sailor.,1,True
The Silence of the Lambs is a film.,1,False
Victor Hugo has only ever written about romance issues.,1,False
Shakira sings.,1,False
The Dark Knight Rises filmed in Pittsburgh.,1,False
The Czech Republic has the lowest unemployment rate in the African Union.,1,False
Alec Sokolow directed seven documentaries.,1,True
The Beatles started in 1980.,1,True
Duleep Singh died 1838.,1,False
Nina Simone went to school in a city.,1,False
The blue-ringed octopus hunts mushrooms.,1,False
Michael Jordan was in a professional sports league.,1,False
Telangana contains cities.,1,False
Dustin Hoffman works on Broadway.,1,False
Tessanne Chin is a recording room.,1,True
Martina Navratilova is a person.,1,True
Emily Blunt acts.,1,False
Assyrian people speak Arabic languages.,1,False
Code Geass's manga shows alternate scenarios from the TV series.,1,False
Ben Affleck is a performer.,1,True
Ron Perlman is Canadian.,1,False
Jamie Foxx has only won a Grammy Award.,1,True
Vikram is an actor.,1,True
Ron Cobb has only ever been a painter.,1,False
Supernatural is a series focusing on unreal elements.,1,False
Gwen Stefani does not work in the music industry.,1,False
Bed-ins were experimental tests of new ways to promote juice.,1,False
Timothy Olyphant acted.,1,False
Patrick Dempsey was in at least one movie.,1,False
Ryan Phillippe refuses to be an actor.,1,False
The Evil Queen has been portrayed live by an actress.,1,False
Anaconda is a song.,1,True
Haifa is home to the college Technion.,1,False
Bungie is a video game broadcaster.,1,True
Divergent was released in disc format in 2014.,1,True
50 Cent was ranked as the sixth-best artist of hip hop.,1,False
Justin Bieber won an American Music Award in 2010.,1,True
Cosmopolitan as of 2011 contains content which includes articles on beauty.,1,False
Tori Kelly is tonedeaf.,1,False
Cinderella stars at least one actress.,1,False
Henri Poincare was a car.,1,True
Attack the Block is a TV show.,1,False
Felicity Huffman is an actress.,1,True
Ben Kingsley is an actor.,1,True
One rare cosmetic is foundation.,1,False
"Bill Nye was featured in a Netflix series, entitled Bill Nye Saves the World.",1,False
Leonardo da Vinci is a painter.,1,True
Apocalypse Now was sued by Francis Ford Coppola.,1,False
Lauren Graham is an author.,1,True
System of a Down has sold records worldwide.,1,False
Andy Warhol is a painter.,1,True
Doctor Zhivago is named after its antagonist.,1,False
Attack the Block stars an actor.,1,False
Jennifer Hudson has won a Grammy for an album.,1,True
San Francisco's initials are SS.,1,False
"Richmond, Virginia is only an unincorporated area of a commonwealth.",1,False
Brentwood is a poor place.,1,True
Abu Bakr al-Baghdadi has been accused by Canadian authorities.,1,False
Timothy Olyphant is not an actor.,1,False
The Underworld film series consists of zero films.,1,False
Sienna Miller is a person.,1,True
Becoming Jane is based on a novel by Jon Hunter Spence.,1,False
Kafka stars Keanu Reeves.,1,False
The Lion King was only released in 1345.,1,True
The Fosters is a series.,1,True
International Relations only includes the entertainment industry.,1,False
The Connaught Tunnel was equipped with an air cooling system.,1,False
Citadelle Laferrière is also called by a shortened version of its name.,1,False
How to Train Your Dragon (film) failed to win the Academy Award for Best Original Score at the 83rd Academy Awards.,1,False
British Fantasy Award has a few categories including Best Anthology.,1,False
50 Cent is a musician.,1,False
Jim Henson was a media creator.,1,True
Christoph Waltz's birthday is a date other than October 4th.,1,True
The French Open is a tournament.,1,False
FC Barcelona never won any trophies.,1,True
Toy Story is an action adventure story.,1,True
Dawn of the Dead (1978 film) had a sequel that came out in 2004.,1,True
Tom Welling was born without a middle name.,1,False
Marlon Brando received an Academy Award nomination and he was American.,1,False
The brown bear is of the Ursidae family.,1,False
Leonard Cohen was an artist.,1,True
Marilyn Monroe appeared in a film.,1,False
Ron Cobb is only a designer.,1,False
Lymelife is a 2008 independent film.,1,False
Lana Del Rey is an American singer-songwriter.,1,True
The Guest stars Maika Monroe.,1,False
Adherents of Christianity are called Italians.,1,False
The Democratic Party (United States)'s caucus in Congress has a minority of conservative Democrats.,1,False
Bulgaria allied itself with Germany.,1,False
Loving was collected by Focus Features.,1,False
Kuala Lumpur has the Petronas Twin Towers.,1,False
Shaky camera can cause an effect to viewers.,1,False
Soundgarden's a band.,1,False
Heikegani has a shell that bears a pattern resembling a happy face.,1,False
Tetris is a holiday.,1,True
A Game of Thrones only won an award from the magazine People.,1,False
Seattle is a dog.,1,True
Beastie Boys was originally a cult.,1,False
Midwestern Gothic publishes written works.,1,False
Atomic Blonde is based on The Coldest City by Antony Johnston and Sam Hart.,1,False
The Shadow Line was written by an American man.,1,False
"At age 60, Carrie Fisher died.",1,False
Game of Thrones has received 38 spin-offs.,1,False
Miley Cyrus was contracted under RCA Records.,1,False
Anna Kendrick is an actress.,1,True
George Bernard Shaw was a dramatist.,1,True
Ludacris released his album on a day.,1,False
Ron Perlman's birth year is 1950.,1,False
Slovakia is a warship.,1,True
Aruba is located in the Caribbean region.,1,True
2001: A Space Odyssey was distributed by Metro-Goldwyn-Mayer and gained much fame.,1,False
Starbucks has an annual fall launch of their Pumpkin Spice Latte.,1,False
Zlatan Ibrahimović refused to play for Milan.,1,False
Beyoncé Knowles starred in a movie.,1,False
Bill Cosby has been said to be guilty of sexual misconduct.,1,False
Jennifer Grey stars in a web television series.,1,False
Pink Floyd has a baseball game called Wish You Were Here.,1,False
Tyrion Lannister is portrayed by Peter Dinklage.,1,False
Several films feature Kajal Aggarwal as the female lead.,1,False
Alessia Cara signed to at least one record label.,1,True
"Woody Allen is an American director, writer, actor, comedian, playwright, and musician.",1,True
Elementary stars an actor.,1,False
Tommy Chong has albums and movies with Cheech Marin.,1,False
Indiana Jones has only been played by Harrison Ford.,1,False
Prison Break revolves around the story of three brothers.,1,False
Diego Costa is a professional footballer and has gained a fan base.,1,True
One show with three seasons is The Carmichael Show.,1,False
Laura Prepon starred in That '70s Show .,1,False
Caitlyn Jenner is a vegan hamster.,1,True
Guy-Manuel de Homem-Christo is a jazz musician.,1,True
Mike Tyson was well known for his cats.,1,False
The Himalayas is a mountain range that passes through Bhutan.,1,True
Google is a technology leader.,1,True
Ruth Negga is a television actress.,1,True
Romelu Lukaku started his football career in 2015.,1,True
"Tré Cool is the drummer for Green Day, a punk rock band.",1,False
A Chandni actress's birthday is February 3.,1,False
Dylan O'Brien acts in films.,1,False
"Babe Ruth was born on February 6, 1895.",1,True
Michael Keaton is a squid.,1,True
Bring It On (film) had zero involvement from Jesse Bradford.,1,False
Elizabeth II has had many historic visits and meetings throughout her 65 year reign.,1,False
Opera incorporates parts of spoken theatre.,1,False
Attack the Block was released after 2005.,1,False
Dark Alice had Helena Bonham Carter in it.,1,False
Gold is a worthless metal.,1,False
The Divergent Series: Allegiant fails to be part of a feature film series.,1,False
Vera Farmiga has become associated with contemporary horror films.,1,False
Melanie Griffith has performed.,1,False
Beyoncé has only starred in Austin Powers.,1,False
Rachel McAdams starred in a film.,1,False
Miley Cyrus's fourth album was Bangerz.,1,False
Twitter distributed less than 40 million election-related tweets on the day of the 2016 U.S. presidential election.,1,False
Wild is a movie.,1,False
Acting is Jason Bateman's profession.,1,False
Rio de Janeiro is in Asia.,1,False
Maria Sharapova is in the Women's Tennis Association.,1,False
Bermuda was where the Sea Venture was wrecked.,1,False
Lee Child is only known by that name.,1,False
Brian Eno was born.,1,False
Prince released a platinum-selling album in England.,1,False
Duane Hopwood includes an actor.,1,False
Nikolaj Coster-Waldau is an actor.,1,True
Boeing 737s main competition is the Airbus airliners.,1,True
Honey to the B is a R&B album.,1,True
Usain Bolt is a person who sprints.,1,True
One Direction released their fifth studio album Midnight Memories in 2013.,1,True
Dan Martin is Canadian.,1,False
Cersei Lannister is a United States senator.,1,True
Dhool starred an actress.,1,False
Rumi was an influential chef.,1,True
"Bermuda is an associate member of the Caribbean Community, with the capital of Hamilton.",1,True
R. Madhavan was in the cast of a movie.,1,False
Adolf Hitler's fashion was racially motivated.,1,False
IZombie is an American television series put out in 2017.,1,True
John McCain chose Sarah Palin as his committeewoman.,1,False
Attack on Titan is a person.,1,True
Theodore Roosevelt was a naturalist advocate for his entire life.,1,True
Jack Reacher (film) is a horror thriller.,1,True
Maynard James Keenan formed a supergroup.,1,False
Samuel Witwer plays music.,1,False
Karan Johar won the Filmfare Award for Best Director in 1999.,1,True
Azerbaijan is part of a religious world.,1,False
Charlie Chaplin acted in a film with no recorded sound.,1,False
Babe Ruth's military campaign spanned four continents.,1,False
Prakash Jha is a cat.,1,True
Thirteen was written by Nikki Reed.,1,False
Charles Marie de La Condamine was born in 1774.,1,True
"Tyler, The Creator is a producer of records.",1,True
Richard Gere has no experience acting.,1,False
Dennis Hastert was a cyclist.,1,True
Romelu Lukaku is Belgian.,1,False
Dragon is derived from the Persians.,1,False
Saif Ali Khan had a role in two films which include Dil Chahta Hai and Kal Ho Naa Ho.,1,False
Ultimate Spider-Man is based on the eponymous villain.,1,False
Cate Blanchett performed on stage in London at the West End.,1,False
Malaysia is a Hollywood star.,1,True
Philadelphia is the birthplace of the United States Army.,1,True
Foo Fighters is a jazz band.,1,True
Cate Blanchett was nominated for an Academy Award.,1,False
Glee was nominated for one Tony Award.,1,False
Baahubali: The Beginning is a comedy fiction film.,1,True
Chris Evans (presenter) hosted a programme.,1,False
Bobb'e J. Thompson turned down the role he was offered in Role Models.,1,False
Trevor Berbick died in 2006.,1,True
Anaconda is a song.,1,True
The Legend of Tarzan (film) was released in 2013.,1,True
Zeus has relatives.,1,False
Karl Malone played for the Utah Jazz for 18 seasons.,1,False
South East England is the third largest region of a country.,1,True
Joseph Fiennes has worked in Vancouver.,1,False
Sean Connery won an Academy Award for Best Actor.,1,True
Kiiara is a cat.,1,True
Chris Pine appeared in a film.,1,False
New Girl is on TV.,1,False
The Beach Boys had four number-one on the top 40.,1,False
The Red Hot Chili Peppers are an American rock band.,1,True
Ellen Pompeo made 0 dollars in 2016.,1,True
KFC was not one of the first American fast food chains to expand internationally.,1,False
Joe Hart is a football player.,1,True
Heidi Klum is an athlete.,1,True
Luxembourg is a grand duchy.,1,True
Transformers: Dark of the Moon is not a film.,1,False
Adele earned awards.,1,False
Colombia is not a country.,1,False
Helen Hunt was not in different genre films.,1,False
Moana is a Disney movie.,1,True
Ronda Rousey was the second American woman to earn an Olympic medal in judo.,1,True
Elephants have been portrayed in art.,1,False
FC Barcelona has won five UEFA Champions League titles.,1,True
Tessanne Chin is a recording room.,1,True
Alec Sokolow directed Gnomes and Trolls: The Secret Chamber.,1,True
Ethiopia has highlands.,1,False
Seth MacFarlane is a person.,1,True
G.I. Jane was distributed solely by Columbia Pictures.,1,False
Helen Hunt starred in different movies.,1,False
The Matrix is a science fiction film.,1,False
Anna Kendrick played the protagonist in Pitch Perfect in 2012.,1,True
Indian was never nominated for the Academy Awards in 1996.,1,True
Star Trek had four spin-off radio series.,1,False
Part of the Bible was written in 100 AD.,1,False
The Host stars people only born during June.,1,False
Mary Marvel predates the introduction of a character created by Thomas Mann.,1,False
Ozzy Osbourne has a Geordie accent.,1,False
Sikhism originated in the Pacific region.,1,False
A Bug's Life had Bonnie Hunt in it.,1,False
Sweden is a political entity.,1,True
The Nashville Songwriters Association International withholds education about songwriting.,1,False
The World Science Festival is headquartered in the United States.,1,False
The United Kingdom is a member of organizations.,1,True
Wayne Rooney is a professional footballer.,1,True
Music Bank (TV series) has been hosted by an Asian.,1,False
Narendra Modi rose to zero ranks.,1,False
J. Cole works with Ibrahim Hamad.,1,False
Snoop Dogg has worked with Puffy Daddy.,1,False
Ben Whishaw was in The Matrix.,1,False
Chokher Bali won an award.,1,True
Bryan Cranston won 4 Emmy awards whilst working on Breaking Bad.,1,True
Dementia is the new band name for AC/DC.,1,True
Felicity Jones portrayed a character.,1,False
Neil Patrick Harris won a 2012 Tony.,1,True
Clark Kent is Superman.,1,False
Logan Lerman joined a 2016 American drama club.,1,False
"Gabourey Sidibe was born on May 6, 1983.",1,True
Demi Lovato is not an American singer.,1,False
Arnold Schwarzenegger stars in Terminator Genisys.,1,False
Sam Worthington was born in a log cabin.,1,False
Judd Apatow has worked with Paul Feig.,1,False
The Democratic Party is a major lobby.,1,True
There is a song called California Gurls.,1,True
Jennifer Aniston has been only a janitor for her entire life.,1,False
Audrey Horne was presented in a television series.,1,False
Didier Drogba never played for the Ivory Coast national team.,1,False
Guitar is an instrument played by Slash.,1,True
Jerry Lewis is an American.,1,True
One America News Network is shortened to OANN.,1,False
Paul Walker acted.,1,False
Paul Feig has been nominated for two Emmy Awards for Freaks and Geeks.,1,False
There is a Christian state called Iceland with state churches.,1,True
Ethiopia is in northeast Africa.,1,False
Judith Barsi was a hand model.,1,True
Felicity Jones acted in The Theory of Everything.,1,False
Debbie Reynolds acted.,1,False
Stockard Channing was in films.,1,False
Nineteen Eighty-Four is exclusively a poem.,1,False
Saif Ali Khan had a role in two films.,1,False
Shia LaBeouf was in a horror thriller film in 2007.,1,True
Jennifer Hudson is a person.,1,True
The Prestige was penned by a British writer.,1,False
Metallica is not a band.,1,False
John McEnroe is known for his rivalry with a frog.,1,False
Oscar Robertson is 22 years old.,1,False
Robin Thicke has worked with Kelly Clarkson.,1,False
Coldplay is a soloist.,1,False
Hulk(comics) is a fictional American superhero.,1,False
Point Place is located in the United States.,1,True
There is a soccer player named Cristiano Ronaldo.,1,True
Dwayne Johnson has yet to win a professional wrestling championship.,1,False
The Lakers were in the 1991 NBA Finals.,1,False
Moses Malone signed as a free agent with a basketball team.,1,False
T-Pain released an album in the 21st century.,1,False
Paul Wesley is an American.,1,True
Vanilla Sky stars a model.,1,False
Kumail Nanjiani completed a romantic comedy screenplay.,1,False
Hayden Panettiere acts.,1,False
"While in college, Eddie Redmayne acted in stage productions.",1,False
How to Train Your Dragon (film) was nominated for a Golden Globe.,1,False
Bulgaria allied itself with Germany.,1,False
Steve Buscemi is in action films.,1,False
Tom Hiddleston made an appearance in Henry V.,1,False
Eric Trump is the child of a man born in June.,1,True
Belgium has a diversified economic base.,1,False
Taraji P. Henson won an Emmy.,1,True
R. Kelly created an audio work.,1,False
Harry Potter was written by a British author.,1,False
Baahubali 2: The Conclusion is a historical event.,1,False
Norway has failed to accumulate reserves of anything.,1,False
Elizabeth Taylor was a film actress.,1,True
Tony Bill directed a film written by Alan Ormsby and he is American.,1,True
Audrey Hepburn is a person.,1,True
Yvonne Hughley was played by Elise Neal.,1,False
Lance Armstrong helped found Subway.,1,False
Agatha Christie avoided professional writing her entire life.,1,False
Willow Smith is a runner.,1,True
In 1788 New South Wales became the first colony of Australia.,1,True
Andorra is located in the eastern Pyrenees mountains.,1,True
David Carradine was nominated for a Golden Globe Award.,1,False
Amelia Earhart was incapable of becoming an author.,1,False
Brazil has the eighth largest economy both by GDP and by nominal GDP.,1,False
Cleopatra was an Egyptian queen.,1,True
WALL-E was nominated for zero Academy Awards.,1,False
The Supernatural pilot was written by the series creator.,1,False
Gray Davis was blamed for the Minnesota electricity crisis.,1,False
Dwayne Johnson has been featured in an American business magazine.,1,False
Silicon Valley is a county.,1,True
Dileep is an actor.,1,False
Helen Keller campaigned for women's suffrage.,1,False
Elephants are highly visible.,1,False
Baby Driver was released in 2013.,1,True
Maynard James Keenan started a rap supergroup in 1999.,1,True
Thomas Pynchon published stories.,1,False
A Few Good Men is a film.,1,False
Eminem was awarded with an Academy Award for Best Original Song.,1,False
Venutra county is in Southern California.,1,False
Fairy Tail had a second series.,1,False
Conan O'Brien is a host on television.,1,True
John Lennon died in 1980.,1,True
Overwatch is a multiplayer you play online.,1,False
Ellen DeGeneres is a person.,1,True
Nick Jonas has acted a dozen films.,1,False
The Supernatural pilot was written by an American television writer.,1,False
Solange Knowles released an album.,1,False
Ted was directed by Seth MacFarlane.,1,True
Lyme disease treatment usually takes 5 to 6 weeks.,1,False
Ted Kaczynski is a terrorist.,1,True
Here is by a lyricist.,1,False
Jesus began his own ministry.,1,False
John Constantine is a DC comics character.,1,True
Bali is a place,1,True
Huntington's disease is an acquired disorder.,1,True
The director of The Conjuring 2 was James Wan.,1,True
Jeff Goldblum wrote for Independence Day: Resurgence.,1,True
Jane Fonda starred in Twilight.,1,False
Sofía Vergara died in 1972.,1,True
Gennady Golovkin boxes.,1,False
The 1983-84 NBA season repeated,1,False
Chicago grew rapidly.,1,False
Dangerously in Love debuted on the US Billboard 200 chart.,1,False
G1 Climax is held by the NFL.,1,False
Prisoner is a TV show.,1,True
Connaught Tunnel is not in Ireland.,1,False
Jean-Martin Charcot was a neurologist.,1,True
New York has a population of zero.,1,False
Counterculture is a subculture with language and norms differing from the mainstream.,1,False
J. K. Rowling was infertile.,1,False
Christiano Ronaldo doesn't play football.,1,False
Gone Girl was based on the 2012 novel of the same name.,1,False
Columbia Pictures released The Smurfs (film).,1,False
Nick Jonas released his final album in 2004.,1,True
Emily Blunt is an entertainer.,1,True
Linda Schuyler was involved in the creation of the Instant Star series in 2010.,1,True
Arrested Development is Russian novel.,1,False
Poland is the 16th most visited restaurant in the world.,1,True
Enough Project was founded by a person.,1,False
The Wachowskis work on stuff.,1,False
"William Shatner appeared in the NBC series, The Outer Limits.",1,False
Ted Kennedy was in an accident.,1,False
International Relations includes the U.N.,1,False
Gimli is a fictional fantasy character.,1,False
Steven Tyler was inactive in the late 1970s.,1,False
To Die for features a cameo by a film director.,1,False
The Fifth Element was made on a $96 million budget.,1,False
Myles Kennedy played an instrument.,1,False
Hannah Montana: The Movie starred Miley Cyrus.,1,False
Taraji P. Henson acts.,1,False
Laura Dern performed with Sarah Palin.,1,False
Ajay Devgn has yet to win an award.,1,False
Saskatchewan is bordered on the west by a monarchy.,1,False
Laurence Olivier loved Wuthering Heights.,1,False
Mutiny on the Bounty cast Clark Gable.,1,False
A Saturn Award for Best Actor was awarded to Tobey Maguire.,1,False
Adele is a person.,1,False
Nazi Germany conducted Operation Barbarossa in 1941.,1,True
Star Wars: The Force Awakens is a film.,1,False
Alessia Cara is from North America.,1,False
Mitt Romney lost an election.,1,False
Disney gave Elton John acknowledgement for his work.,1,False
George VI has a child.,1,False
Bobby Moore was European.,1,False
Joffrey Baratheon is not a character in A Game of Thrones.,1,False
"Duane Hopwood includes David Schwimmer, Janeane Garofalo, Judah Friedlander, Dick Cavett, Susan Lynch, John Krasinski, Rachel Covey, and Mia Dillon.",1,False
The play Major Barbara was written by George Bernard Shaw.,1,False
Interstellar is a narrative in a visual medium.,1,True
50 First Dates was written by George Wing in 2001.,1,True
Nicki Minaj released 3 audio publications between 2007 and 2009.,1,False
Novak Djokovic is an athlete.,1,True
A Game of Thrones is part of a popular book series.,1,False
Her is a romantic science-fiction drama.,1,False
The Punisher is a hero.,1,False
Sean Connery acted in the opening scene of Highlander.,1,False
Alec Baldwin has yet to play a character created by Tom Clancy.,1,False
Wayne Rooney is a professional footballer.,1,True
Michael Schumacher won zero titles.,1,True
Donald Trump was the Republican nominee for the 2016 United States presidential election.,1,True
Kurt Angle isn't a wrestler.,1,False
The Great Buck Howard features Americans.,1,False
Future collaborated with an Indian singer.,1,False
Beauty Shop stars a human.,1,False
Papua New Guinea's islands lie in the grass.,1,False
Weightlifting Fairy Kim Bok-joo is a movie.,1,True
Jake Gyllenhaal is in Nightcrawler.,1,False
Solange Knowles works in the music industry.,1,False
"Family Guy first premiered on January 31, 1999.",1,True
Love & Friendship is a commercial.,1,True
Ajay Devgan is an Indian actor.,1,True
Fuck You! is a song called CeeLo Green.,1,True
Eminem doesn't make music.,1,False
Katy Perry was in a computer-animated comedy film.,1,False
Jesus is also known as a different name.,1,True
Indonesia isn't a country.,1,False
Bahrain's largest island is Bahrain Island.,1,False
A reflex occurs without thought in response to a stimulus.,1,False
Schindler's List was released in 1993.,1,True
Adderall shares three chemical properties with the human trace amines.,1,False
The gray wolf is a Canis with a range encompassing both the Old and New Worlds.,1,True
The Netherlands is located in Western Europe.,1,True
Popstar: Never Stop Never Stopping stars Imogen Poots.,1,False
There is a movie called Batman v. Superman: Dawn of Justice.,1,True
Passengers is in the fantasy genre.,1,False
Glee was nominated for an award that recognizes Outstanding Original Music and Lyrics.,1,False
The Kadapa district is located within Andhra Pradesh.,1,False
Furia is written by someone.,1,False
Black Panther is a character.,1,False
Cancer is a group of diseases.,1,True
Tanzania's population communicates solely through sign language.,1,False
Ulysses S. Grant never fought any battles.,1,False
Kitti's hog-nosed bat is a vulnerable species of bat and the only extant member of the family Craseonycteridae.,1,True
Saif Ali Khan had a role in two films.,1,False
Kate Nash performs music.,1,False
Hadera is in a country in the Middle East.,1,False
Tiger Woods won professional major golf championships.,1,True
Girls' Generation is composed of eight letters.,1,False
The Hobbit is a high fantasy adventure film series.,1,True
Bette Davis is an astronomical object.,1,True
Marilyn Monroe appeared only in plays.,1,False
The French Revolution led to the Reign of Terror in 1593.,1,True
Katharine Hepburn is producer.,1,False
Just Dance was song that gained success gradually and it was successful.,1,False
Phil Mickelson has not won a golf tournament.,1,True
Linkin Park released the portfolio Hybrid Theory.,1,False
Mike Tyson retired from professional boxing in 2006.,1,True
Mike Tyson was disqualified from a game.,1,False
Beyoncé Knowles starred in a movie.,1,False
Jerry Lewis is anything but an American.,1,False
Cyndi Lauper is someone who sings.,1,False
X-Men: Days of Future Past came out after 2010.,1,False
Ann Romney never married.,1,False
The United States Environmental Protection Agency employs technologists.,1,False
Tony Blair was elected in July 1994.,1,False
Patrick Wilson (American actor) was nominated for an Emmy Award.,1,False
Idris Elba was in a movie.,1,False
Reese Witherspoon's breakthrough role was in an adaptation of a novel.,1,False
The Wonderful Wizard of Oz is where the Wicked Witch of the West made her debut.,1,True
Anne Hathaway is an actress.,1,True
Game of Thrones (season 3) has yet to be broadcast.,1,False
Religions were exchanged on the Silk Road.,1,False
Colombia is not a country.,1,False
Wyoming is a province.,1,True
Oscar Wilde wrote.,1,True
Floyd Mayweather Jr. has won Monopoly multiple times.,1,True
Leonardo da Vinci was an inventor.,1,True
Paul Thomas Anderson never produced a film.,1,False
Richard Harris was unable to create sound.,1,False
Muhammad Ali is not a boxer.,1,False
The Jackson family included singers and songwriters.,1,False
Spain is a city.,1,True
Eddie Vedder is a person who works in music.,1,True
Julianne Hough won the Primetime Emmy Award for Outstanding Drama Series.,1,True
Aliens (film) is a Wes Anderson film.,1,True
Marie Curie was a person.,1,True
North Korea is bordered by the Nile.,1,False
Friday the 13th is a single film.,1,False
"In 2010, Eleveneleven was founded.",1,True
K-pop Star 2 involves Yang Hyn-suk.,1,False
Despicable Me was released in 2010.,1,True
Eddie Vedder is a singer.,1,True
Babe Ruth played baseball.,1,False
The Handmaid's Tale won an award.,1,False
Erich von Manstein died before ever being released.,1,False
Bryan Adams has won music video awards presented by the cable channel MTV.,1,True
A boycott is a form of protest that involves intentional abstention.,1,True
IPhone 3G includes data.,1,False
The Invention of Lying is a comedy film.,1,False
Bam Margera is not a stunt performer.,1,False
Bernie Sanders is a politician.,1,True
Mariah Carey is a performer.,1,True
Goat Island's two bridges only carry car traffic.,1,False
Lockheed Martin F-22 Raptor is claimed to be unmatched.,1,False
Michael Jackson popularized the Robot.,1,False
Boris Karloff had always been an illustrator.,1,False
Arrested Development follows the fictitious Bluth family which was formerly wealthy and is habitually dysfunctional.,1,False
New York's burden is New York City.,1,False
Romelu Lukaku is an athlete.,1,True
Victor Hugo was only ever a poet.,1,False
The National Security Agency is responding to global warming.,1,False
Ava DuVernay is not a director.,1,False
Sa Talaiassa is on an island in the Mediterranean Sea.,1,False
Wit Studio and Production I.G. produced Attack on Titan.,1,False
Singing is something done by Kate Nash.,1,False
"In 2009, the Museum of Science and Industry had attendees.",1,True
Gianluigi Buffon serves as a goalkeeper.,1,False
The West Wing was created by Peter Jackson.,1,False
James A. Woods starred in a television show written by Myles Hainsworth.,1,False
"John Heard acted in a movie, Cat People, directed by Paul Schrader.",1,True
Farrah Fawcett is a thespian.,1,True
"Ancient Algeria has known many empires and dynasties, including Vandals and Romans.",1,False
Soundgarden sold zero records in 2012.,1,True
Kong: Skull Island is a film.,1,True
Resource extraction is British Columbia's economic mainstay.,1,False
The Narrows stars only stars male actors.,1,False
David Mazouz was in Gotham.,1,False
Elizabeth I of England was childless.,1,False
Karan Johar is not a film director.,1,False
Steffi Graf only plays softball.,1,False
Shahid Kapoor works in film.,1,False
Oscar Wilde was one of London's bachelors.,1,False
Transformers: Dark of the Moon is a movie.,1,True
Donald Sutherland is a person.,1,True
Kurt Angle is a wrestling champion.,1,True
Colin Powell was the first African American Secretary of State.,1,True
Michael Schumacher's birthday takes place on January 3.,1,False
Naruto is a Japanese comic series.,1,False
Father of the Bride includes Martin Short in it's cast.,1,False
Love & Friendship stars Kate Beckinsale.,1,False
Ann Romney is married.,1,False
Usain Bolt has competed in sprinting.,1,False
Steve Buscemi has appeared in multiple films in America.,1,False
Taylor Swift plays music.,1,False
Are You Experienced is a website by an English-American rock band.,1,False
Joe Hart is a football player.,1,True
Paul Walker was born in the 12th day of September.,1,False
One-Punch Man tells the house of Saitama.,1,False
"Geraldine Chaplin maintains a home in Madrid, Spain.",1,False
Rhode Island renounced its allegiance to the Catholic Church in 1776.,1,True
Gold is a malleable periodic element.,1,False
Game of Thrones' seventh season premiered in 2017.,1,True
Istanbul is a primate city.,1,True
Ellyse Perry is a man.,1,True
The National Security Agency has the responsibility of collecting information for counterintelligence purposes.,1,False
24 is an action film.,1,False
Kurt Angle is an actor.,1,True
Bran Stark is not a character in a series of fantasy novels.,1,False
Home Alone's director was a filmmaker from the United States.,1,True
Avatar: The Last Airbender aired for three seasons from 2005 to 2008.,1,False
Venom appears in American picture books.,1,False
Andrew Jackson was a person.,1,True
Melisandre is in the A Song of Ice and Fire series.,1,False
Split (2016 American film) is about a woman that kidnaps three teenage girls.,1,False
Kurt Russell has starred in movies.,1,False
Western New York straddles needles and Lake Erie.,1,False
Michael Jackson's death took place in a county for Los Angeles.,1,False
The Titanic's wreck was first discovered over 70 years after the sinking.,1,True
Taylor Swift released at least one album.,1,False
Buddy Holly is a driver.,1,True
George Cukor was birthed in 1899.,1,True
The Taj Mahal has an account.,1,False
Kurt Angle has won.,1,True
Hugh Jackman starred in the Jackson 5.,1,False
Brigitte Macron's middle name is Jessica.,1,False
Government loans from Amsterdam bankers was acquired by John Adams.,1,False
Snoop Dogg's Doggystyle debuted on Billboard 200 charts.,1,False
Andrew Wood died.,1,False
The University of Oxford operates the world's largest university press.,1,False
Diana Ross had more hits than any female artists in the charts.,1,False
Faith Evans has released an album with an independent label.,1,False
Thor: The Dark World is a sequel.,1,False
Missing is a 2017 film.,1,False
Dirty Diana is by a New Yorker.,1,False
Daniel-Day Lewis was not in films.,1,False
Life Is Peachy is a grunge album.,1,False
The United Kingdom is a country.,1,True
Emmy Rossum acts.,1,False
Aaliyah's best-selling album was called One in a Million.,1,False
Cher is a singer-actress from New York.,1,True
The Divergent Series: Allegiant is not a film.,1,False
"In 2011, Alkaline Trio released an album.",1,True
The biggest city in Austria is Vienna.,1,False
Clark Gable was a television actor.,1,True
Miley Cyrus was an actress in Hannah Montana.,1,True
Sherlock is on TV.,1,False
There is a music group called Soundgarden.,1,True
Ava DuVernay directs films.,1,False
William Cage is a public relations officer in Edge of Tomorrow.,1,True
Red Hot Chili Peppers are an award-winning alternative funk rock band.,1,False
Usain Bolt is a cop.,1,True
Lightning Point was filmed in Queensland in Australia.,1,False
Nepal is a country.,1,False
Destiny is not a video game.,1,False
Geraldine Chaplin is an actress in films.,1,True
David Carradine acted in only dramas.,1,False
Bosnia and Herzegovina is a country.,1,True
Life After Death is a sequel to an album.,1,False
Liev Schreiber is a director.,1,True
Malala Yousafzai is Iranian.,1,False
Jerry Seinfeld acts.,1,False
Abu Bakr al-Baghdadi was convicted of kidnapping.,1,False
Margaret Osborne duPont was a World No. 1 female tennis player.,1,True
International Relations only includes the entertainment industry.,1,False
Stone Temple Pilots had an original member that was an American rock vocalist.,1,True
Rupert Wyatt is a director.,1,True
Frank Ocean had a visual album release.,1,False
Russia is on a continent called Eurasia.,1,False
Ron Cobb is a plum.,1,True
Billy Bob Thornton directed a movie.,1,True
Doctor Who has a writer named Rona Munro.,1,False
Tunisia was left architectural legacies like El Djem amphitheater.,1,False
50 Cent is a mime.,1,False
Marta Kauffman is a poet.,1,True
Vera Farmiga is a director.,1,True
Maria Sharapova finished college in 2016.,1,True
Ryan O'Neal is a person.,1,True
Emmy Rossum declined to ever work with Wolfgang Peterson.,1,False
Marie Curie was a truck.,1,True
Usain Bolt is a person.,1,True
GoldenEye is a spy organization.,1,True
Cara Delevingne was involved in a horror film.,1,False
Green Day makes music.,1,False
Bruno Mar's band plays different instruments.,1,False
Maria Sharapova was suspended in France.,1,False
"Peter Davison was in multiple television shows like Holding the Fort, Sink or Swim, Doctor Who, A Very Peculiar Practice, and Campion.",1,False
Silicon Valley is a region in California.,1,True
Anne was Queen of Great Britain and Ireland.,1,True
Mila Kunis was featured in Friends with Benefits.,1,False
Paleogene is also spelled Palaeogene.,1,False
Jennifer Hudson is a singer.,1,True
Matt Kuchar is paid to play golf.,1,False
Selene serves as the central character in the film Underworld: Blood Wars.,1,False
Kangana Ranaut is an entertainer.,1,True
Gwen Stefani is a person.,1,True
Dangerous Beauty starred two actors.,1,False
Arrested Development is not a show.,1,False
Sindh lies alongside India's largest area.,1,False
Jamie Foxx is a performer.,1,True
Mary-Louise Parker is a person.,1,True
"Same-sex marriages from outside countries were officially recognized in South Africa since 1995, but the country only allowed same-sex marriages to be performed there in 2010.",1,True
Glenn Close won a Tony Award for her appearance in The Real Thing.,1,True
Lana Del Rey is an American singer-songwriter.,1,True
Ratatouille was a 2007 film that won at least one Oscar.,1,True
The Hundred-Foot Journey (film) stars an Indian actor born in the twentieth century.,1,False
Ariana Grande has three albums.,1,False
Austria is not in Europe.,1,False
Enemy is a psychological thriller book.,1,False
Borussi Dortmund is a group.,1,True
Ben Stiller was Zoolander's director and lead role.,1,False
Nigeria is not Africa's largest economy.,1,False
The Mughal Empire had emperors.,1,False
The Bourne Supremacy is a movie.,1,True
Janet Jackson broke a recording contract in 1982.,1,True
Drake (musician) is incapable of creating music.,1,False
Antarctica is a landmass.,1,True
Charlie Rubin refused a writing job on In Living Color.,1,False
Cher is an American.,1,True
Mark Bomback is from the desert.,1,False
Attack on Titan is a book.,1,True
The Rev worked with a band.,1,False
Christina Aguilera is a music artist.,1,True
Precious premiered to unanimous criticism at the Cannes Film Festival.,1,False
Soundgarden was an indie rock band.,1,True
"Gilmore Girls has had Amy Sherman-Palladino, Daniel Palladino, David S. Rosenthal, and Gavin Polone as executive producers.",1,False
"Morrissey developed a love of orange, kitchen sink realism, and popular music.",1,False
Joy is a film.,1,False
Travis Barker is a person.,1,True
John McCain is the world's oldest turtle.,1,True
"Neal Schon was born on February 27th, 1954.",1,False
One-Punch Man tells the narrative of an overpowered superhero.,1,False
Jack Nicholson is an American actor.,1,True
The Nile drains through Egypt and it has an Arabic name.,1,False
Robert Browning was born in May of 1812.,1,False
Andorra is a place.,1,True
Richard III of England died at the age of 32.,1,False
Lewis Hamilton has an F1 championship.,1,False
K-pop Star 2 has only ever employed mute people or people who lack vocal chords.,1,False
Susan Sarandon is an Academy Award winner.,1,True
Steven Tyler is in Aerosmith.,1,False
Users are permitted to share videos by YouTube.,1,False
Richard Branson set up companies.,1,False
Easy Virtue is also the name of a film directed by Steven Spielberg.,1,True
Derrick Rose is a sports player.,1,True
Freddie Mercury was the singer in a rock band.,1,True
Swedish Empire was ruled by Gustavus Adolphus before he died in 1630s.,1,False
Romelu Lukaku started his football career in 2015.,1,True
Budapest is a city.,1,True
Neil Young is a guitarist.,1,True
Elementary is a series.,1,True
Martin Luther King Jr. worked on segregated housing in Boston in 1966.,1,True
Sue Vertue produced a sitcom that premiered on a plane.,1,False
Phil Mickelson is an athlete.,1,True
New Horizons passed by Pluto.,1,False
Wallander is a city in Germany.,1,True
Didier Drogba plays football professionally.,1,False
Sunrise devised a co-production with a visual arts production company formed by Kenichi Matsuzaki.,1,False
Seattle is in the state of Washington.,1,False
A community of Hui people can also be found in Beijing.,1,True
Dolly Parton has an album.,1,False
The Contender only stars female actors.,1,False
Chris Hardwick hosted Family Feud.,1,False
There is a actor name Hugh Grant and he is in films.,1,True
Reg Watson created a show.,1,False
The Hermetic Order of the Golden Dawn is only called by that name.,1,False
Katie Holmes has an acting career.,1,False
The United States holds a portion of the world's wealth.,1,False
The Houston Rockets play basketball.,1,False
Azerbaijan is one of the most religious countries in the Muslim world.,1,False
Roger Penrose has received awards.,1,False
Miss Peregrine's Home for Peculiar Children was only written by Stephen King.,1,False
Maggie Gyllenhaal played a leading role in Frank.,1,False
Kurt Angle is a two-time WarGames winner.,1,True
Tom Cruise was in a film categorized as romance.,1,False
Annie Parisse is not Annie Parisse's professional name.,1,False
"Worcester, Massachusetts is 40 mi west of the capital, Boston.",1,False
Vladimir Putin had two terms as Prime Minister of Russia.,1,False
Snowden's cast is mostly American.,1,False
Eva Longoria has never performed.,1,False
Ice Hockey is popular in Russia.,1,False
My Summer of Love was co-written by Pawel Pawlikowski and Mel Brooks.,1,False
Basic Instinct was released on Blu-ray in 2012.,1,True
The Punisher appears in American reality shows.,1,False
Helen Keller's teacher was also her lifelong enemy.,1,False
Mithun Chakraborty is a Bollywood actor.,1,True
Tennis is played on fields.,1,False
Ridley Scott is the director of a film.,1,True
Norway has failed to accumulate reserves of anything.,1,False
Punk rock developed in Australia.,1,False
Gayathri Raguram is the daughter of a noted pianist.,1,True
Usain Bolt is a sprinter.,1,True
Conan O'Brien is an American.,1,True
British Fantasy Award categories include a few for collected works.,1,False
The Bravo Award is handed out by a sports magazine.,1,False
Winona Ryder has been in films.,1,False
Enemy (2013 film) is about two cars that are physically identical.,1,False
Josh Hartnett was born in 1978.,1,True
The Beatles were an English rock band.,1,False
Stanley Kubrick worked.,1,False
Ken Russell was involved with the film Zelda.,1,False
Solange Knowles only sings.,1,False
Diana is an album.,1,True
Debbie Reynolds was nominated for a Tony.,1,False
The Titanic's wreck was split by a tarantula.,1,False
The Italian language is spoken in at least one place.,1,False
Ashley Judd has a career in acting.,1,False
Gillian Anderson is incapable of being an actress.,1,False
Las Vegas is not in Nevada.,1,False
Christina Applegate is a celebrity.,1,True
Zeus has siblings.,1,False
Emma Roberts's birthday is a date other than February 10th.,1,True
Hawaii is the thirteenth-most densely populated state in the United States.,1,True
OK Computer was recorded on a four-track tape device and released by EMI's subsidiaries.,1,False
Kristen Bell was in a movie.,1,False
Jonathan Hensleigh has only written films directed by Jason Bay.,1,True
"The Next Eleven countries include Nigeria, Egypt, and South Korea.",1,False
Christoph Waltz was born in October of 1956.,1,False
Lee Harvey Oswald was from America.,1,False
Modern liberalism in the United States strongly endorses spending on education.,1,False
Dirt was ended by Coquette Productions.,1,False
Me Before You stars noodles.,1,False
"Tesla, Inc. specializes in vehicles.",1,False
One of Richard Harris's roles is in This Sporting Life.,1,False
Lupe Fiasco has only ever been a director.,1,False
Laurence Olivier played the main role in The Entertainer play.,1,False
Furious 7 is an installment in a franchise.,1,False
Babe Ruth was a professional Major League baseball player.,1,True
T-Pain is a goat herder.,1,False
Margot Kidder is an actress.,1,True
Quentin Tarantino attended a writing school.,1,False
Miss Peregrine's Home for Peculiar Children takes place on a cruise ship.,1,False
Felicity Huffman is a television actress.,1,True
Harry Potter and the Deathly Hallows is the last novel of the Harry Potter Series.,1,True
Marlon Brando was number eighteen on a list in 1954.,1,True
Tatiana Maslany has received widespread awards.,1,False
Mr. Nobody was noted for its cinematography.,1,False
Joseph Stalin was born before 1917.,1,False
The company Jim Henson founded later changed its name.,1,False
The Backstreet Boys are Russian.,1,False
Juana la virgen is a telenovela produced by a cable network.,1,True
Alkaline Trio has an album.,1,False
Marlon Brando was in a movie.,1,False
Pablo Fenjves ghostwrote for a comedian and he was successful.,1,False
Bela Lugosi was a person.,1,True
Con Man (web series) is an animated comedy web series.,1,True
Ronald Reagan disclosed his diagnosis with Alzheimer's disease in the 90s.,1,False
K2 is the second highest tree in the world.,1,False
Lisa Lopes was a member of a group.,1,True
Singapore was part of Malaysia from 1963 to 1965.,1,False
Buddy Holly is a musician.,1,True
The World According to Paris starred an American actress and real estate investor.,1,False
Ronald Reagan was a president.,1,True
The House at Pooh Corner is the second volume of stories about Winnie-the-Pooh by A. A. Milne.,1,True
Paul Thomas Anderson worked with an actor.,1,False
The Legend of Tarzan (film) is an American meal.,1,False
Brian Wilson suffered from health problems.,1,False
Lionel Messi stayed in Boston his whole life.,1,False
Varun Dhawan is an actor.,1,True
Hawaii Five-0 is broadcast on CBS.,1,False
Steven Spielberg participates in the creation of movies.,1,False
Daniel-Day Lewis was not in films.,1,False
Ellen Burstyn started her work in the theater.,1,False
In Secret stars three American actresses.,1,False
Iceland was not settled by Norwegians.,1,False
J. K. Rowling was born in 1965.,1,True
Pablo Fenjves ghostwrote for a human.,1,False
Doctor Who is produced by CNN.,1,False
Reuters transmits news in three or more countries.,1,False
The Bounty was not based on any book.,1,False
Believe is a music production.,1,False
J.Lo (album) was recorded in 2001.,1,True
Ajay Devgn is an actor in Bollywood.,1,True
Major League Soccer playoffs goes through January and February.,1,False
Patrick Wilson (American actor) acted in the zero seasons of Fargo.,1,False
Sheds must have walls on all sides.,1,False
Jesus is also called Jesus Christ.,1,False
Punisher is a master of woodworking.,1,True
Santorini is in a sea.,1,False
Keith Urban is a man who sings in the country style.,1,True
Seppuku is translated as cutting the belly.,1,False
Shawn Michaels is an ambassador.,1,True
Death in Paradise (TV series) is a Canadian-Mexican crime comedy-drama series.,1,True
Vincent Cassel is a person.,1,True
Donnie Wahlberg is in the production industry.,1,False
Josh Homme is unable to sing.,1,False
How to Lose Friends & Alienate People stars an actor.,1,False
Music Bank (TV series) has been hosted by Jung Ji-hoon.,1,False
Zlatan Ibrahimović played for an Italian rock band.,1,False
There is a band called Imagine Dragons.,1,True
Jenni Rivera won at least one award.,1,True
De Profundis was written whilst an imprisoning.,1,False
Vince Vaughn appeared in Rudy.,1,False
One actor was Boris Karloff.,1,False
Kapil Sharma is a stand-up comedian in India.,1,True
David Bowie is one of the world's best-selling gadgets.,1,False
University of Oxford is in the world.,1,False
"The birth parents and legal guardians of Charles, Prince of Wales are Lilly and James Potter.",1,False
North Dakota is a state in the Midwestern United States.,1,True
Thandie Newton has appeared in American films,1,False
Prince released a platinum-selling album.,1,False
John McCain campaigned in the 56th quadrennial presidential election.,1,False
G20 has membership policies.,1,False
Tom Cruise was in a romance film.,1,False
Rock music started in Australia.,1,False
The Host stars an actor that gave birth on March 20.,1,False
South Park is made with animation.,1,False
Ronald Reagan was the president of the United States of America.,1,True
Melanie Griffith is a person who acts.,1,True
The Guest stars actor Leland Orser.,1,False
Gimli was featured in a legendarium.,1,False
Lilith translates to something.,1,False
Shankar was the director of Indian.,1,True
Stockard Channing was in a film based on an Alice Hoffman novel.,1,False
The Rolling Stones had a bassist.,1,False
Avril Lavigne wrote the song Complicated.,1,True
Music is performed by Keanu Reeves.,1,False
Justin Theroux stars in Your Highness.,1,False
O. J. Simpson is a convicted armed robber.,1,True
Kurt Angle is a wrestler.,1,True
Shia LaBeouf is an American performance artist and filmmaker.,1,False
George Clooney works in the film industry.,1,False
John Constantine is a fictional character.,1,True
"On The Great British Sewing Bee, sewers compete.",1,False
Jim Parsons stars in a show.,1,False
The Kitti's hog-nosed bat belongs to the Chiroptera phylum.,1,False
New Girl is a movie.,1,True
Unleashed stars an actor.,1,False
Melanie Griffith performed in Las Vegas.,1,False
Diego Costa is a professional golfer.,1,True
Billy Joel released zero songs in 2007.,1,True
Injustice 2 is a fighting game that released in 2017.,1,True
Gabrielle Union has only ever been an author.,1,False
24 is an action film.,1,False
"Adele's song ""Hello"" sold over a million digital copies in a week.",1,False
"AC/DC released the album ""Chocolate and Cheese"".",1,False
The Great Buck Howard is Japanese.,1,False
Aaliyah is an entertainer.,1,True
The Miami Marlins participate in children's charity drives.,1,False
Russell Brand is a dancer.,1,True
Aaliyah was raised in America.,1,False
Thomas Pynchon wrote the novel Rude Boy.,1,True
Derrick Rose is a sports player.,1,True
Zinedine Zidane headbutted a footballer in the chest.,1,False
War of the Worlds was written by Josh Friedman and gained acclaim.,1,False
Calling All the Monsters was released.,1,False
Jack Nicholson has many films.,1,False
Diana Ross had a total of 70 hit movies in her career.,1,False
Ruth Negga played a role in a comedy-drama.,1,False
The Prince of Egypt is an musical television show.,1,True
Sriti Jha plays the lead role in a TV show.,1,False
Dennis Hopper was an award-winning actor.,1,True
Liev Schreiber is a director.,1,True
William Jennings Bryan was Secretary of State under President Truman.,1,False
Sweden provides secondary education.,1,False
Kurt Angle won a championship.,1,True
Joseph Barbera died in December.,1,False
Jennifer Aniston was married to Brad Pitt for five months.,1,True
Grey's Anatomy is a series with dramatic elements.,1,True
Jennifer Jason Leigh performed in Phantom of the Opera.,1,False
Basic Instinct is a film released in 1989.,1,True
Julie Christie starred in a movie.,1,False
Ridley Scott is the director of a film.,1,True
Devdas was unable to be screened during the 2014 International Film Festival of India.,1,False
Buddy Holly was an influence of Eric Clapton.,1,True
David Thewlis was born in 1963.,1,True
Kafka stars an english actor.,1,False
Liev Schreiber produces.,1,False
Hungary is a city.,1,True
"Kris Jenner has four children with Robert Kardashian, including the stars of Keeping Up with the Kardashians.",1,False
Theodore Roosevelt founded a third party in 2005.,1,True
Girls' Generation is South Korean.,1,False
Phil Mickelson has not won a golf tournament.,1,True
The Nashville Songwriters Association International provides education about the local area.,1,False
Bruce Willis is a director.,1,True
Benedict Cumberbatch appeared in Time magazine.,1,False
Cheyenne Jackson is an entertainer.,1,True
Ray Milland performed in a film.,1,False
Chris Pratt had a starring role in Jurassic World.,1,False
The People vs. Larry Flynt is a film from the United States.,1,True
Twenty One Pilots's drummer is American Josh Dun.,1,False
Sunrise created novels.,1,False
Prison Break was a movie.,1,True
Ajay Devgn is an actor.,1,True
Shahid Kapoor has been on Indian islands.,1,False
The Bostonians (film) is based on Henry James's novel of the same name.,1,False
Jon Snow is in George R. R. Martin novel.,1,False
Nikita (TV series) started airing in 2010.,1,True
Kenneth Branagh is an actor.,1,True
Abraham Lincoln was an American politician.,1,True
La La Anthony played a character named Sonia in a film directed by Tim Story.,1,True
Thirteen is an American semi-autobiographical drama film.,1,False
There is a series called Grey's Anatomy.,1,True
Midwestern Gothic was founded in a garage.,1,False
Marlon Brando was in a film.,1,False
Braveheart won a sweepstakes.,1,True
Kanye West is incapable of producing.,1,False
Patton Oswalt provided mocap for Remy in Ratatouille.,1,False
David Carradine has worked with a director.,1,False
Mark Ruffalo is a person that cares about human rights.,1,True
Among the co-stars of 30 Rock was Alec Baldwin.,1,False
Bobby Moore was in an order in Britain.,1,False
Atomic Blonde is based on a graphic novel from 2012.,1,False
Modern Family is an American television sitcom.,1,True
Mark Bomback is a screenwriter.,1,True
Taipei is the center of Taiwan.,1,True
Michael Shea worked on How I Met Your Mother.,1,False
Wayne Rooney is part of a soccer team.,1,False
Rey Mysterio never won the Royal Rumble professional wrestling PPV event.,1,True
Nas released Illmatic,1,False
The Chernobyl disaster was a catastrophic nuclear failure.,1,True
Mango is a fruit grown on a plant.,1,True
Alkaline Trio is a band.,1,True
San Francisco is in the United States.,1,False
Eagles (band) released at least two albums.,1,False
Warren Buffett started his degree at the University of Pennsylvania.,1,False
John Cena is a Money in the Bank ladder match winner for 2012.,1,True
The Amazing Spider-Man 2 was shelved indefinitely before production even began.,1,False
The Fulton County Grand Jury said Friday an investigation of Atlanta's recent primary election produced `` no evidence '' that any irregularities took place .,0,False
"The jury further said in term-end presentments that the City Executive Committee , which had over-all charge of the election , `` deserves the praise and thanks of the City of Atlanta '' for the manner in which the election was conducted .",0,False
The September-October term jury had been charged by Fulton Superior Court Judge Durwood Pye to investigate reports of possible `` irregularities '' in the hard-fought primary which was won by Mayor-nominate Ivan Allen Jr. .,0,True
"`` Only a relative handful of such reports was received '' , the jury said , `` considering the widespread interest in the election , the number of voters and the size of this city '' .",0,False
The jury said it did find that many of Georgia's registration and election laws `` are outmoded or inadequate and often ambiguous '' .,0,False
It recommended that Fulton legislators act `` to have these laws studied and revised to the end of modernizing and improving them '' .,0,False
"The grand jury commented on a number of other topics , among them the Atlanta and Fulton County purchasing departments which it said `` are well operated and follow generally accepted practices which inure to the best interest of both governments '' .",0,False
Merger proposed,0,False
"However , the jury said it believes `` these two offices should be combined to achieve greater efficiency and reduce the cost of administration '' .",0,False
"The City Purchasing Department , the jury said , `` is lacking in experienced clerical personnel as a result of city personnel policies '' .",0,False
It urged that the city `` take steps to remedy '' this problem .,0,False
Implementation of Georgia's automobile title law was also recommended by the outgoing jury .,0,False
It urged that the next Legislature `` provide enabling funds and re-set the effective date so that an orderly implementation of the law may be effected '' .,0,False
The grand jury took a swipe at the State Welfare Department's handling of federal funds granted for child welfare services in foster homes .,0,False
"`` This is one of the major items in the Fulton County general assistance program '' , the jury said , but the State Welfare Department `` has seen fit to distribute these funds through the welfare departments of all the counties in the state with the exception of Fulton County , which receives none of this money .",0,False
The jurors said they realize `` a proportionate distribution of these funds might disable this program in our less populous counties '' .,0,False
"Nevertheless , `` we feel that in the future Fulton County should receive some portion of these available funds '' , the jurors said .",0,False
`` Failure to do this will continue to place a disproportionate burden '' on Fulton taxpayers .,0,False
"The jury also commented on the Fulton ordinary's court which has been under fire for its practices in the appointment of appraisers , guardians and administrators and the awarding of fees and compensation .",0,False
Wards protected,0,False
"The jury said it found the court `` has incorporated into its operating procedures the recommendations '' of two previous grand juries , the Atlanta Bar Association and an interim citizens committee .",0,False
"`` These actions should serve to protect in fact and in effect the court's wards from undue costs and its appointed and elected servants from unmeritorious criticisms '' , the jury said .",0,False
"Regarding Atlanta's new multi-million-dollar airport , the jury recommended `` that when the new management takes charge Jan. 1 the airport be operated in a manner that will eliminate political influences '' .",0,False
"The jury did not elaborate , but it added that `` there should be periodic surveillance of the pricing practices of the concessionaires for the purpose of keeping the prices reasonable '' .",0,False
Ask jail deputies,0,False
"On other matters , the jury recommended that : ( 1 )",0,False
"Four additional deputies be employed at the Fulton County Jail and `` a doctor , medical intern or extern be employed for night and weekend duty at the jail '' .",0,False
( 2 ),0,False
Fulton legislators `` work with city officials to pass enabling legislation that will permit the establishment of a fair and equitable '' pension plan for city employes .,0,False
"The jury praised the administration and operation of the Atlanta Police Department , the Fulton Tax Commissioner's Office , the Bellwood and Alpharetta prison farms , Grady Hospital and the Fulton Health Department .",0,False
"Mayor William B. Hartsfield filed suit for divorce from his wife , Pearl Williams Hartsfield , in Fulton Superior Court Friday .",0,False
His petition charged mental cruelty .,0,False
"The couple was married Aug. 2 , 1913 .",0,False
"They have a son , William Berry Jr. , and a daughter , Mrs. J. M. Cheshire of Griffin .",0,False
Attorneys for the mayor said that an amicable property settlement has been agreed upon .,0,False
The petition listed the mayor's occupation as `` attorney '' and his age as 71 .,0,False
"It listed his wife's age as 74 and place of birth as Opelika , Ala. .",0,False
The petition said that the couple has not lived together as man and wife for more than a year .,0,False
The Hartsfield home is at 637 E. Pelham Rd. Aj .,0,False
Henry L. Bowden was listed on the petition as the mayor's attorney .,0,False
"Hartsfield has been mayor of Atlanta , with exception of one brief interlude , since 1937 .",0,True
His political career goes back to his election to city council in 1923 .,0,True
The mayor's present term of office expires Jan. 1 .,0,False
"He will be succeeded by Ivan Allen Jr. , who became a candidate in the Sept. 13 primary after Mayor Hartsfield announced that he would not run for reelection .",0,False
"Georgia Republicans are getting strong encouragement to enter a candidate in the 1962 governor's race , a top official said Wednesday .",0,False
"Robert Snodgrass , state GOP chairman , said a meeting held Tuesday night in Blue Ridge brought enthusiastic responses from the audience .",0,False
State Party Chairman James W. Dorsey added that enthusiasm was picking up for a state rally to be held Sept. 8 in Savannah at which newly elected Texas Sen. John Tower will be the featured speaker .,0,False
"In the Blue Ridge meeting , the audience was warned that entering a candidate for governor would force it to take petitions out into voting precincts to obtain the signatures of registered voters .",0,False
"Despite the warning , there was a unanimous vote to enter a candidate , according to Republicans who attended .",0,False
"When the crowd was asked whether it wanted to wait one more term to make the race , it voted no -- and there were no dissents .",0,False
"The largest hurdle the Republicans would have to face is a state law which says that before making a first race , one of two alternative courses must be taken : 1",0,False
"Five per cent of the voters in each county must sign petitions requesting that the Republicans be allowed to place names of candidates on the general election ballot , or 2",0,False
The Republicans must hold a primary under the county unit system -- a system which the party opposes in its platform .,0,False
"Sam Caldwell , State Highway Department public relations director , resigned Tuesday to work for Lt. Gov. Garland Byrd's campaign .",0,True
Caldwell's resignation had been expected for some time .,0,False
"He will be succeeded by Rob Ledford of Gainesville , who has been an assistant more than three years .",0,False
"When the gubernatorial campaign starts , Caldwell is expected to become a campaign coordinator for Byrd .",0,False
The Georgia Legislature will wind up its 1961 session Monday and head for home -- where some of the highway bond money it approved will follow shortly .,0,False
"Before adjournment Monday afternoon , the Senate is expected to approve a study of the number of legislators allotted to rural and urban areas to determine what adjustments should be made .",0,False
Gov. Vandiver is expected to make the traditional visit to both chambers as they work toward adjournment .,0,False
Vandiver likely will mention the $100 million highway bond issue approved earlier in the session as his first priority item .,0,False
Construction bonds,0,False
"Meanwhile , it was learned the State Highway Department is very near being ready to issue the first $30 million worth of highway reconstruction bonds .",0,False
"The bond issue will go to the state courts for a friendly test suit to test the validity of the act , and then the sales will begin and contracts let for repair work on some of Georgia's most heavily traveled highways .",0,False
A Highway Department source said there also is a plan there to issue some $3 million to $4 million worth of Rural Roads Authority bonds for rural road construction work .,0,True
A revolving fund,0,False
The department apparently intends to make the Rural Roads Authority a revolving fund under which new bonds would be issued every time a portion of the old ones are paid off by tax authorities .,0,False
Vandiver opened his race for governor in 1958 with a battle in the Legislature against the issuance of $50 million worth of additional rural roads bonds proposed by then Gov. Marvin Griffin .,0,True
"The Highway Department source told The Constitution , however , that Vandiver has not been consulted yet about the plans to issue the new rural roads bonds .",0,False
Schley County Rep. B. D. Pelham will offer a resolution Monday in the House to rescind the body's action of Friday in voting itself a $10 per day increase in expense allowances .,0,False
Pelham said Sunday night there was research being done on whether the `` quickie '' vote on the increase can be repealed outright or whether notice would have to first be given that reconsideration of the action would be sought .,0,False
"While emphasizing that technical details were not fully worked out , Pelham said his resolution would seek to set aside the privilege resolution which the House voted through 87-31 .",0,False
A similar resolution passed in the Senate by a vote of 29-5 .,0,False
"As of Sunday night , there was no word of a resolution being offered there to rescind the action .",0,False
Pelham pointed out that Georgia voters last November rejected a constitutional amendment to allow legislators to vote on pay raises for future Legislature sessions .,0,False
"A veteran Jackson County legislator will ask the Georgia House Monday to back federal aid to education , something it has consistently opposed in the past .",0,False
"Rep. Mac Barber of Commerce is asking the House in a privilege resolution to `` endorse increased federal support for public education , provided that such funds be received and expended '' as state funds .",0,False
"Barber , who is in his 13th year as a legislator , said there `` are some members of our congressional delegation in Washington who would like to see it ( the resolution ) passed '' .",0,False
But he added that none of Georgia's congressmen specifically asked him to offer the resolution .,0,False
"The resolution , which Barber tossed into the House hopper Friday , will be formally read Monday .",0,False
"It says that `` in the event Congress does provide this increase in federal funds '' , the State Board of Education should be directed to `` give priority '' to teacher pay raises .",0,True
Colquitt,0,False
"-- After a long , hot controversy , Miller County has a new school superintendent , elected , as a policeman put it , in the `` coolest election I ever saw in this county '' .",0,False
"The new school superintendent is Harry Davis , a veteran agriculture teacher , who defeated Felix Bush , a school principal and chairman of the Miller County Democratic Executive Committee .",0,True
"Davis received 1,119 votes in Saturday's election , and Bush got 402 .",0,False
"Ordinary Carey Williams , armed with a pistol , stood by at the polls to insure order .",0,False
"`` This was the coolest , calmest election I ever saw '' , Colquitt Policeman Tom Williams said .",0,True
`` Being at the polls was just like being at church .,0,False
"I didn't smell a drop of liquor , and we didn't have a bit of trouble '' .",0,False
"The campaign leading to the election was not so quiet , however .",0,False
"It was marked by controversy , anonymous midnight phone calls and veiled threats of violence .",0,False
"The former county school superintendent , George P. Callan , shot himself to death March 18 , four days after he resigned his post in a dispute with the county school board .",0,True
"During the election campaign , both candidates , Davis and Bush , reportedly received anonymous telephone calls .",0,False
"Ordinary Williams said he , too , was subjected to anonymous calls soon after he scheduled the election .",0,False
"Many local citizens feared that there would be irregularities at the polls , and Williams got himself a permit to carry a gun and promised an orderly election .",0,False
Sheriff Felix Tabb said the ordinary apparently made good his promise .,0,False
"`` Everything went real smooth '' , the sheriff said .",0,False
`` There wasn't a bit of trouble '' .,0,False
"Austin , Texas",0,False
-- Committee approval of Gov. Price Daniel's `` abandoned property '' act seemed certain Thursday despite the adamant protests of Texas bankers .,0,False
"Daniel personally led the fight for the measure , which he had watered down considerably since its rejection by two previous Legislatures , in a public hearing before the House Committee on Revenue and Taxation .",0,False
"Under committee rules , it went automatically to a subcommittee for one week .",0,False
But questions with which committee members taunted bankers appearing as witnesses left little doubt that they will recommend passage of it .,0,False
Daniel termed `` extremely conservative '' his estimate that it would produce 17 million dollars to help erase an anticipated deficit of 63 million dollars at the end of the current fiscal year next Aug. 31 .,0,False
He told the committee the measure would merely provide means of enforcing the escheat law which has been on the books `` since Texas was a republic '' .,0,True
"It permits the state to take over bank accounts , stocks and other personal property of persons missing for seven years or more .",0,False
"The bill , which Daniel said he drafted personally , would force banks , insurance firms , pipeline companies and other corporations to report such property to the state treasurer .",0,False
"The escheat law cannot be enforced now because it is almost impossible to locate such property , Daniel declared .",0,False
"Dewey Lawrence , a Tyler lawyer representing the Texas Bankers Association , sounded the opposition keynote when he said it would force banks to violate their contractual obligations with depositors and undermine the confidence of bank customers .",0,False
"`` If you destroy confidence in banks , you do something to the economy '' , he said .",0,False
`` You take out of circulation many millions of dollars '' .,0,False
"Rep. Charles E. Hughes of Sherman , sponsor of the bill , said a failure to enact it would amount `` to making a gift out of the taxpayers' pockets to banks , insurance and pipeline companies '' .",0,False
"His contention was denied by several bankers , including Scott Hudson of Sherman , Gaynor B. Jones of Houston , J. B. Brady of Harlingen and Howard Cox of Austin .",0,False
"Cox argued that the bill is `` probably unconstitutional '' since , he said , it would impair contracts .",0,False
"He also complained that not enough notice was given on the hearing , since the bill was introduced only last Monday .",0,False
"Austin , Texas",0,False
-- Senators unanimously approved Thursday the bill of Sen. George Parkhouse of Dallas authorizing establishment of day schools for the deaf in Dallas and the four other largest counties .,0,False
The bill is designed to provide special schooling for more deaf students in the scholastic age at a reduced cost to the state .,0,False
There was no debate as the Senate passed the bill on to the House .,0,False
"It would authorize the Texas Education Agency to establish county-wide day schools for the deaf in counties of 300,000 or more population , require deaf children between 6 and 13 years of age to attend the day schools , permitting older ones to attend the residential Texas School for the Deaf here .",0,False
"Operating budget for the day schools in the five counties of Dallas , Harris , Bexar , Tarrant and El Paso would be $451,500 , which would be a savings of $157,460 yearly after the first year's capital outlay of $88,000 was absorbed , Parkhouse told the Senate .",0,False
"The TEA estimated there would be 182 scholastics to attend the day school in Dallas County , saving them from coming to Austin to live in the state deaf school .",0,False
Dallas may get to hear a debate on horse race parimutuels soon between Reps. V. E. ( Red ) Berry and Joe Ratcliff .,0,False
"While details are still to be worked out , Ratcliff said he expects to tell home folks in Dallas why he thinks Berry's proposed constitutional amendment should be rejected .",0,False
"`` We're getting more ' pro ' letters than ' con ' on horse race betting '' , said Ratcliff .",0,False
"`` But I believe if people were better informed on this question , most of them would oppose it also .",0,False
I'm willing to stake my political career on it '' .,0,False
"Rep. Berry , an ex-gambler from San Antonio , got elected on his advocacy of betting on the ponies .",0,False
"A House committee which heard his local option proposal is expected to give it a favorable report , although the resolution faces hard sledding later .",0,False
"The house passed finally , and sent to the Senate , a bill extending the State Health Department's authority to give planning assistance to cities .",0,False
"The senate quickly whipped through its meager fare of House bills approved by committees , passing the three on the calendar .",0,False
One validated acts of school districts .,0,False
Another enlarged authority of the Beaumont Navigation District .,0,False
"The third amended the enabling act for creation of the Lamar county Hospital District , for which a special constitutional amendment previously was adopted .",0,False
"Without dissent , senators passed a bill by Sen. A. R. Schwartz of Galveston authorizing establishment in the future of a school for the mentally retarded in the Gulf Coast district .",0,False
Money for its construction will be sought later on but in the meantime the State Hospital board can accept gifts and donations of a site .,0,False
Two tax revision bills were passed .,0,False
"One , by Sen. Louis Crump of San Saba , would aid more than 17,000 retailers who pay a group of miscellaneous excise taxes by eliminating the requirement that each return be notarized .",0,False
"Instead , retailers would sign a certificate of correctness , violation of which would carry a penalty of one to five years in prison , plus a $1,000 fine .",0,False
It was one of a series of recommendations by the Texas Research League .,0,False
"The other bill , by Sen. A. M. Aikin Jr. of Paris , would relieve real estate brokers , who pay their own annual licensing fee , from the $12 annual occupation license on brokers in such as stocks and bonds .",0,False
"Natural gas public utility companies would be given the right of eminent domain , under a bill by Sen. Frank Owen 3 , of El Paso , to acquire sites for underground storage reservoirs for gas .",0,False
"Marshall Formby of Plainview , former chairman of the Texas Highway Commission , suggested a plan to fill by appointment future vacancies in the Legislature and Congress , eliminating the need for costly special elections .",0,False
"Under Formby's plan , an appointee would be selected by a board composed of the governor , lieutenant governor , speaker of the House , attorney general and chief justice of the Texas Supreme Court .",0,False
"Austin , Texas",0,False
-- State representatives decided Thursday against taking a poll on what kind of taxes Texans would prefer to pay .,0,False
"An adverse vote of 81 to 65 kept in the State Affairs Committee a bill which would order the referendum on the April 4 ballot , when Texas votes on a U.S. senator .",0,False
"Rep. Wesley Roberts of Seminole , sponsor of the poll idea , said that further delay in the committee can kill the bill .",0,False
The West Texan reported that he had finally gotten Chairman Bill Hollowell of the committee to set it for public hearing on Feb. 22 .,0,False
"The proposal would have to receive final legislative approval , by two-thirds majorities , before March 1 to be printed on the April 4 ballot , Roberts said .",0,False
Opponents generally argued that the ballot couldn't give enough information about tax proposals for the voters to make an intelligent choice .,0,False
"All Dallas members voted with Roberts , except Rep. Bill Jones , who was absent .",0,False
"Austin , Texas",0,False
-- Paradise lost to the alleged water needs of Texas' big cities Thursday .,0,False
"Rep. James Cotten of Weatherford insisted that a water development bill passed by the Texas House of Representatives was an effort by big cities like Dallas and Fort Worth to cover up places like Paradise , a Wise County hamlet of 250 people .",0,True
"When the shouting ended , the bill passed , 114 to 4 , sending it to the Senate , where a similar proposal is being sponsored by Sen. George Parkhouse of Dallas .",0,False
Most of the fire was directed by Cotten against Dallas and Sen. Parkhouse .,0,True
"The bill would increase from $5,000,000 to $15,000,000 the maximum loan the state could make to a local water project .",0,False
Cotten construed this as a veiled effort by Parkhouse to help Dallas and other large cities get money which Cotten felt could better be spent providing water for rural Texas .,0,False
"Statements by other legislators that Dallas is paying for all its water program by local bonds , and that less populous places would benefit most by the pending bill , did not sway Cotten's attack .",0,False
"The bill's defenders were mostly small-town legislators like J. W. Buchanan of Dumas , Eligio ( Kika ) De La Garza of Mission , Sam F. Collins of Newton and Joe Chapman of Sulphur Springs .",0,False
"`` This is a poor boy's bill '' , said Chapman .",0,True
`` Dallas and Fort Worth can vote bonds .,0,False
This would help the little peanut districts '' .,0,False
"Austin , Texas",0,False
"-- A Houston teacher , now serving in the Legislature , proposed Thursday a law reducing the time spent learning `` educational methods '' .",0,False
"Rep. Henry C. Grover , who teaches history in the Houston public schools , would reduce from 24 to 12 semester hours the so-called `` teaching methods '' courses required to obtain a junior or senior high school teaching certificate .",0,False
A normal year's work in college is 30 semester hours .,0,False
Grover also would require junior-senior high teachers to have at least 24 semester hours credit in the subject they are teaching .,0,False
The remainder of the 4-year college requirement would be in general subjects .,0,False
"`` A person with a master's degree in physics , chemistry , math or English , yet who has not taken Education courses , is not permitted to teach in the public schools '' , said Grover .",0,False
College teachers in Texas are not required to have the Education courses .,0,False
Fifty-three of the 150 representatives immediately joined Grover as co-signers of the proposal .,0,False
"Paris , Texas ( sp. )",0,False
"-- The board of regents of Paris Junior College has named Dr. Clarence Charles Clark of Hays , Kan. as the school's new president .",0,False
"Dr. Clark will succeed Dr. J. R. McLemore , who will retire at the close of the present school term .",0,False
Dr. Clark holds an earned Doctor of Education degree from the University of Oklahoma .,0,False
"He also received a Master of Science degree from Texas A & I College and a Bachelor of Science degree from Southwestern State College , Weatherford , Okla. .",0,False
"In addition , Dr. Clark has studied at Rhode Island State College and Massachusetts Institute of Technology .",0,False
"During his college career , Dr. Clark was captain of his basketball team and was a football letterman .",0,True
"Dr. Clark has served as teacher and principal in Oklahoma high schools , as teacher and athletic director at Raymondville , Texas , High School , as an instructor at the University of Oklahoma , and as an associate professor of education at Fort Hays , Kan. , State College .",0,False
He has served as a border patrolman and was in the Signal Corps of the U.S. Army .,0,False
"Denton , Texas ( sp. )",0,False
-- Principals of the 13 schools in the Denton Independent School District have been re-elected for the 1961-62 session upon the recommendation of Supt. Chester O. Strickland .,0,False
State and federal legislation against racial discrimination in employment was called for yesterday in a report of a `` blue ribbon '' citizens committee on the aid to dependent children program .,0,False
"The report , culminating a year long study of the ADC program in Cook county by a New York City welfare consulting firm , listed 10 long range recommendations designed to reduce the soaring ADC case load .",0,True
"The report called racial discrimination in employment `` one of the most serious causes of family breakdown , desertion , and ADC dependency '' .",0,False
`` Must solve problem '',0,False
"The monthly cost of ADC to more than 100,000 recipients in the county is 4.4 million dollars , said C. Virgil Martin , president of Carson Pirie Scott & Co. , committee chairman .",0,True
"`` We must solve the problems which have forced these people to depend upon ADC for subsistence '' , Martin said .",0,False
"The volume of ADC cases will decrease , Martin reported , when the community is able to deal effectively with two problems : Relatively limited skills and discrimination in employment because of color .",0,False
"These , he said , are `` two of the principal underlying causes for family breakups leading to ADC '' .",0,False
Calls for extension,0,False
Other recommendations made by the committee are :,0,False
"Extension of the ADC program to all children in need living with any relatives , including both parents , as a means of preserving family unity .",0,False
Research projects as soon as possible on the causes and prevention of dependency and illegitimacy .,0,False
"Several defendants in the Summerdale police burglary trial made statements indicating their guilt at the time of their arrest , Judge James B. Parsons was told in Criminal court yesterday .",0,False
"The disclosure by Charles Bellows , chief defense counsel , startled observers and was viewed as the prelude to a quarrel between the six attorneys representing the eight former policemen now on trial .",0,False
"Bellows made the disclosure when he asked Judge Parsons to grant his client , Alan Clements , 30 , a separate trial .",0,False
Bellows made the request while the all-woman jury was out of the courtroom .,0,False
Fears prejudicial aspects,0,False
"`` The statements may be highly prejudicial to my client '' , Bellows told the court .",0,False
`` Some of the defendants strongly indicated they knew they were receiving stolen property .,0,False
It is impossible to get a fair trial when some of the defendants made statements involving themselves and others '' .,0,False
"Judge Parsons leaned over the bench and inquired , `` You mean some of the defendants made statements admitting this '' ? ?",0,False
"`` Yes , your honor '' , replied Bellows .",0,False
"`` What this amounts to , if true , is that there will be a free-for-all fight in this case .",0,False
There is a conflict among the defendants '' .,0,False
"Washington , July 24",0,False
-- President Kennedy today pushed aside other White House business to devote all his time and attention to working on the Berlin crisis address he will deliver tomorrow night to the American people over nationwide television and radio .,0,False
The President spent much of the week-end at his summer home on Cape Cod writing the first drafts of portions of the address with the help of White House aids in Washington with whom he talked by telephone .,0,False
"Shortly after the Chief Executive returned to Washington in midmorning from Hyannis Port , Mass. , a White House spokesman said the address text still had `` quite a way to go '' toward completion .",0,False
Decisions are made,0,False
"Asked to elaborate , Pierre Salinger , White House press secretary , replied , `` I would say it's got to go thru several more drafts '' .",0,False
"Salinger said the work President Kennedy , advisers , and members of his staff were doing on the address involved composition and wording , rather than last minute decisions on administration plans to meet the latest Berlin crisis precipitated by Russia's demands and proposals for the city .",0,False
"The last 10 cases in the investigation of the Nov. 8 election were dismissed yesterday by Acting Judge John M. Karns , who charged that the prosecution obtained evidence `` by unfair and fundamentally illegal means '' .",0,False
Karns said that the cases involved a matter `` of even greater significance than the guilt or innocence '' of the 50 persons .,0,False
He said evidence was obtained `` in violation of the legal rights of citizens '' .,0,False
Karns' ruling pertained to eight of the 10 cases .,0,False
In the two other cases he ruled that the state had been `` unable to make a case '' .,0,False
"Contempt proceedings originally had been brought against 677 persons in 133 precincts by Morris J. Wexler , special prosecutor .",0,False
Issue jury subpoenas,0,False
"Wexler admitted in earlier court hearings that he issued grand jury subpenas to about 200 persons involved in the election investigation , questioned the individuals in the Criminal courts building , but did not take them before the grand jury .",0,False
"Mayer Goldberg , attorney for election judges in the 58th precinct of the 23d ward , argued this procedure constituted intimidation .",0,False
Wexler has denied repeatedly that coercion was used in questioning .,0,False
Karns said it was a `` wrongful act '' for Wexler to take statements `` privately and outside of the grand jury room '' .,0,False
He said this constituted a `` very serious misuse '' of the Criminal court processes .,0,False
"`` Actually , the abuse of the process may have constituted a contempt of the Criminal court of Cook county , altho vindication of the authority of that court is not the function of this court '' , said Karns , who is a City judge in East St. Louis sitting in Cook County court .",0,True
Faced seven cases,0,False
Karns had been scheduled this week to hear seven cases involving 35 persons .,0,False
"Wexler had charged the precinct judges in these cases with `` complementary '' miscount of the vote , in which votes would be taken from one candidate and given to another .",0,False
"The cases involved judges in the 33d , 24th , and 42d precincts of the 31st ward , the 21st and 28th precincts of the 29th ward , the 18th precinct of the 4th ward , and the 9th precinct of the 23d ward .",0,False
The case of the judges in the 58th precinct of the 23d ward had been heard previously and taken under advisement by Karns .,0,False
Two other cases also were under advisement .,0,False
Claims precedent lacking,0,False
"After reading his statement discharging the 23d ward case , Karns told Wexler that if the seven cases scheduled for trial also involved persons who had been subpenaed , he would dismiss them .",0,False
"Washington , Feb. 9",0,False
-- President Kennedy today proposed a mammoth new medical care program whereby social security taxes on 70 million American workers would be raised to pay the hospital and some other medical bills of 14.2 million Americans over 65 who are covered by social security or railroad retirement programs .,0,False
"The President , in a special message to Congress , tied in with his aged care plan requests for large federal grants to finance medical and dental scholarships , build 20 new medical and 20 new dental schools , and expand child health care and general medical research .",0,False
"The aged care plan , similar to one the President sponsored last year as a senator , a fight on Capitol hill .",0,False
It was defeated in Congress last year .,0,True
Cost up to $37 a year,0,False
It would be financed by boosting the social security payroll tax by as much as $37 a year for each of the workers now paying such taxes .,0,False
"The social security payroll tax is now 6 per cent -- 3 per cent on each worker and employer -- on the first $4,800 of pay per year .",0,False
"The Kennedy plan alone would boost the base to $5,000 a year and the payroll tax to 6.5 per cent -- 3.25 per cent each .",0,False
Similar payroll tax boosts would be imposed on those under the railroad retirement system .,0,False
"The payroll tax would actually rise to 7.5 per cent starting Jan. 1 , 1963 , if the plan is approved , because the levy is already scheduled to go up by 1 per cent on that date to pay for other social security costs .",0,False
Outlays would increase,0,False
"Officials estimated the annual tax boost for the medical plan would amount to 1.5 billion dollars and that medical benefits paid out would run 1 billion or more in the first year , 1963 .",0,False
Both figures would go higher in later years .,0,False
Other parts of the Kennedy health plan would entail federal grants of 750 million to 1 billion dollars over the next 10 years .,0,False
"These would be paid for out of general , not payroll , taxes .",0,False
Nursing home care,0,False
The aged care plan carries these benefits for persons over 65 who are under the social security and railroad retirement systems : 1,0,False
"Full payment of hospital bills for stays up to 90 days for each illness , except that the patient would pay $10 a day of the cost for the first nine days .",0,False
2,0,False
Full payment of nursing home bills for up to 180 days following discharge from a hospital .,0,False
A patient could receive up to 300 days paid-for nursing home care under a `` unit formula '' allowing more of such care for those who use none or only part of the hospital-care credit .,0,False
3,0,False
Hospital outpatient clinic diagnostic service for all costs in excess of $20 a patient .,0,False
4,0,False
Community visiting nurse services at home for up to 240 days an illness .,0,False
The President noted that Congress last year passed a law providing grants to states to help pay medical bills of the needy aged .,0,False
Calls proposal modest,0,False
"He said his plan is designed to `` meet the needs of those millions who have no wish to receive care at the taxpayers' expense , but who are nevertheless staggered by the drain on their savings -- or those of their children -- caused by an extended hospital stay '' .",0,False
"`` This is a very modest proposal cut to meet absolutely essential needs '' , he said , `` and with sufficient ' deductible ' requirements to discourage any malingering or unnecessary overcrowding of our hospitals .",0,False
`` This is not a program of socialized medicine .,0,False
It is a program of prepayment of health costs with absolute freedom of choice guaranteed .,0,True
Every person will choose his own doctor and hospital '' .,0,False
Wouldn't pay doctors,0,False
The plan does not cover doctor bills .,0,False
They would still be paid by the patient .,0,False
"Apart from the aged care plan the President's most ambitious and costly proposals were for federal scholarships , and grants to build or enlarge medical and dental schools .",0,False
The President said the nation's 92 medical and 47 dental schools cannot now handle the student load needed to meet the rising need for health care .,0,False
"Moreover , he said , many qualified young people are not going into medicine and dentistry because they can't afford the schooling costs .",0,False
Contributions to schools,0,False
"The scholarship plan would provide federal contributions to each medical and dental school equal to $1,500 a year for one-fourth of the first year students .",0,False
"The schools could use the money to pay 4-year scholarships , based on need , of up to $2,000 a year per student .",0,False
"In addition , the government would pay a $1,000 `` cost of education '' grant to the schools for each $1,500 in scholarship grants .",0,False
Officials estimated the combined programs would cost 5.1 million dollars the first year and would go up to 21 millions by 1966 .,0,True
The President recommended federal `` matching grants '' totaling 700 million dollars in 10 years for constructing new medical and dental schools or enlarging the capacity of existing ones .,0,False
More for nursing homes,0,False
"In the area of `` community health services '' , the President called for doubling the present 10 million dollar a year federal grants for nursing home construction .",0,False
He asked for another 10 million dollar `` initial '' appropriation for `` stimulatory grants '' to states to improve nursing homes .,0,False
He further proposed grants of an unspecified sum for experimental hospitals .,0,False
"In the child health field , the President said he will recommend later an increase in funds for programs under the children's bureau .",0,False
He also asked Congress to approve establishment of a national child health institute .,0,False
Asks research funds,0,False
The President said he will ask Congress to increase grants to states for vocational rehabilitation .,0,False
He did not say by how much .,0,False
"For medical research he asked a 20 million dollar a year increase , from 30 to 50 millions , in matching grants for building research facilities .",0,False
"The President said he will also propose increasing , by an unspecified amount , the 540 million dollars in the 1961-62 budget for direct government research in medicine .",0,False
"The President said his proposals combine the `` indispensable elements in a sound health program -- people , knowledge , services , facilities , and the means to pay for them '' .",0,False
Reaction as expected,0,False
Congressional reaction to the message was along expected lines .,0,False
Legislators who last year opposed placing aged-care under the social security system criticized the President's plan .,0,False
Those who backed a similar plan last year hailed the message .,0,False
Senate Republican Leader Dirksen ( Ill. ) and House Republican Leader Charles Halleck ( Ind. ) said the message did not persuade them to change their opposition to compulsory medical insurance .,0,False
Halleck said the voluntary care plan enacted last year should be given a fair trial first .,0,False
"House Speaker Sam Rayburn ( D. , Tex. ) called the Kennedy program `` a mighty fine thing '' , but made no prediction on its fate in the House .",0,False
"Washington , Feb. 9",0,False
"-- Acting hastily under White House pressure , the Senate tonight confirmed Robert C. Weaver as the nation's federal housing chief .",0,False
Only 11 senators were on the floor and there was no record vote .,0,False
A number of scattered `` ayes '' and `` noes '' was heard .,0,False
Customary Senate rules were ignored in order to speed approval of the Negro leader as administrator of the housing and home finance agency .,0,False
"In the last eight years , all Presidential appointments , including those of cabinet rank , have been denied immediate action because of a Senate rule requiring at least a 24 hour delay after they are reported to the floor .",0,False
Enforce by demand,0,False
"The rule was enforced by demand of Sen. Wayne Morse ( D. , Ore. ) in connection with President Eisenhower's cabinet selections in 1953 and President Kennedy's in 1961 .",0,True
Oslo,0,False
"The most positive element to emerge from the Oslo meeting of North Atlantic Treaty Organization Foreign Ministers has been the freer , franker , and wider discussions , animated by much better mutual understanding than in past meetings .",0,False
"This has been a working session of an organization that , by its very nature , can only proceed along its route step by step and without dramatic changes .",0,False
"In Oslo , the ministers have met in a climate of candor , and made a genuine attempt to get information and understanding one another's problems .",0,False
"This atmosphere of understanding has been particularly noticeable where relations are concerned between the `` colonialist '' powers and those who have never , or not for a long time , had such problems .",0,False
"The nightmare of a clash between those in trouble in Africa , exacerbated by the difficulties , changes , and tragedies facing them , and other allies who intellectually and emotionally disapprove of the circumstances that have brought these troubles about , has been conspicuous by its absence .",0,False
Explosion avoided,0,False
"In the case of Portugal , which a few weeks ago was rumored ready to walk out of the NATO Council should critics of its Angola policy prove harsh , there has been a noticeable relaxation of tension .",0,False
"The general , remarkably courteous , explanation has left basic positions unchanged , but there has been no explosion in the council .",0,False
"There should even be no more bitter surprises in the UN General Assembly as to NATO members' votes , since a new ad hoc NATO committee has been set up so that in the future such topics as Angola will be discussed in advance .",0,False
Canada alone has been somewhat out of step with the Oslo attempt to get all the allied cars back on the track behind the NATO locomotive .,0,False
"Even Norway , despite daily but limited manifestations against atomic arms in the heart of this northernmost capital of the alliance , is today closer to the NATO line .",0,True
On the negative side of the balance sheet must be set some disappointment that the United States leadership has not been as much in evidence as hoped for .,0,False
One diplomat described the tenor of Secretary of State Dean Rusk's speeches as `` inconclusive '' .,0,False
"But he hastened to add that , if United States policies were not always clear , despite Mr. Rusk's analysis of the various global danger points and setbacks for the West , this may merely mean the new administration has not yet firmly fixed its policy .",0,False
Exploratory mood,0,False
"A certain vagueness may also be caused by tactical appreciation of the fact that the present council meeting is a semipublic affair , with no fewer than six Soviet correspondents accredited .",0,False
"The impression has nevertheless been given during these three days , despite Mr. Rusk's personal popularity , that the United States delegation came to Oslo in a somewhat tentative and exploratory frame of mind , more ready to listen and learn than to enunciate firm policy on a global scale with detailed application to individual danger spots .",0,False
"The Secretary of State himself , in his first speech , gave some idea of the tremendous march of events inside and outside the United States that has preoccupied the new administration in the past four months .",0,False
"But where the core of NATO is concerned , the Secretary of State has not only reiterated the United States' profound attachment to the alliance , `` cornerstone '' of its foreign policy , but has announced that five nuclear submarines will eventually be at NATO's disposal in European waters .",0,False
"The Secretary of State has also solemnly repeated a warning to the Soviet Union that the United States will not stand for another setback in Berlin , an affirmation once again taken up by the council as a whole .",0,False
Conflict surveyed,0,False
"The secretary's greatest achievement is perhaps the rekindling of NATO realization that East-West friction , wherever it take place around the globe , is in essence the general conflict between two entirely different societies , and must be treated as such without regard to geographical distance or lack of apparent connection .",0,False
"The annual spring meeting has given an impetus in three main directions : more , deeper , and more timely political consultation within the alliance , the use of the Organization for Economic Cooperation and Development ( when ratified ) as a method of coordinating aid to the underdeveloped countries , and the need for strengthening conventional forces as well as the maintenance of the nuclear deterrent .",0,False
"This increase in the `` threshold '' , as the conventional forces strengthening is called , will prove one of the alliance's most difficult problems in the months to come .",0,False
"Each ally will have to carry out obligations long since laid down , but never completely fulfilled .",0,False
Washington,0,False
The Kennedy administration moves haltingly toward a Geneva conference on Laos just as serious debate over its foreign policy erupts for the first time .,0,False
There is little optimism here that the Communists will be any more docile at the conference table than they were in military actions on the ground in Laos .,0,False
"The United States , State Department officials explain , now is mainly interested in setting up an international inspection system which will prevent Laos from being used as a base for Communist attacks on neighboring Thailand and South Viet Nam .",0,False
They count on the aid of the neutral countries attending the Geneva conference to achieve this .,0,False
The United States hopes that any future Lao Cabinet would not become Communist dominated .,0,False
But it is apparent that no acceptable formula has been found to prevent such a possibility .,0,False
Policies modified,0,False
"The inclination here is to accept a de facto cease-fire in Laos , rather than continue to insist on a verification of the cease-fire by the international control commission before participating in the Geneva conference .",0,False
This is another of the modifications of policy on Laos that the Kennedy administration has felt compelled to make .,0,False
It excuses these actions as being the chain reaction to basic errors made in the previous administration .,0,False
Its spokesmen insist that there has not been time enough to institute reforms in military and economic aid policies in the critical areas .,0,False
But with the months moving on -- and the immediate confrontations with the Communists showing no gain for the free world -- the question arises :,0,False
How effective have Kennedy administration first foreign policy decisions been in dealing with Communist aggression ? ?,0,False
Former Vice-President Richard M. Nixon in Detroit called for a firmer and tougher policy toward the Soviet Union .,0,False
He was critical of what he feels is President Kennedy's tendency to be too conciliatory .,0,False
GOP restrained,0,False
It does not take a Gallup poll to find out that most Republicans in Congress feel this understates the situation as Republicans see it .,0,False
"They can hardly restrain themselves from raising the question of whether Republicans , if they had been in power , would have made `` amateurish and monumental blunders '' in Cuba .",0,False
One Republican senator told this correspondent that he was constantly being asked why he didn't attack the Kennedy administration on this score .,0,False
"His reply , he said , was that he agreed to the need for unity in the country now .",0,False
But he further said that it was better politics to let others question the wisdom of administration policies first .,0,False
"The Republicans some weeks ago served notice through Senator Thruston B. Morton ( R ) of Kentucky , chairman of the Republican National Committee , that the Kennedy administration would be held responsible if the outcome in Laos was a coalition government susceptible of Communist domination .",0,True
"Kennedy administration policies also have been assailed now from another direction by 70 Harvard , Boston University , Brandeis , and Massachusetts Institute of Technology educators .",0,False
Detente urged,0,False
This group pleads with the administration to `` give no further support for the invasion of Cuba by exile groups '' .,0,False
It recommends that the United States `` seek instead to detach the Castro regime from the Communist bloc by working for a diplomatic detente and a resumption of trade relations ; ;,0,False
and concentrate its constructive efforts on eliminating in other parts of Latin America the social conditions on which totalitarian nationalism feeds '' .,0,False
"Mr. Nixon , for his part , would oppose intervention in Cuba without specific provocation .",0,False
But he did recommend that President Kennedy state clearly that if Communist countries shipped any further arms to Cuba that it would not be tolerated .,0,False
"Until the Cuban fiasco and the Communist military victories in Laos , almost any observer would have said that President Kennedy had blended a program that respected , generally , the opinions voiced both by Mr. Nixon and the professors .",0,False
Aid plans revamped,0,False
"Very early in his administration he informed the Kremlin through diplomatic channels , a high official source disclosed , that the new administration would react even tougher than the Eisenhower administration would during the formative period of the administration .",0,False
Strenuous efforts were made to remove pin pricking from administration statements .,0,False
Policies on nuclear test ban negotiations were reviewed and changed .,0,False
But thus far there has been no response in kind .,0,False
Foreign aid programs were revamped to give greater emphasis to economic aid and to encourage political reform in recipient nations .,0,False
"In Laos , the administration looked at the Eisenhower administration efforts to show determination by sailing a naval fleet into Southeast Asian waters as a useless gesture .",0,False
Again and again it asked the Communists to `` freeze '' the military situation in Laos .,0,False
But the Communists aided the Pathet Lao at an even faster rate .,0,False
"And after several correspondents went into Pathet Lao territory and exposed the huge build-up , administration spokesmen acclaimed them for performing a `` great service '' and laid the matter before the Southeast Asia Treaty Organization .",0,False
SEATO was steamed up and prepared contingency plans for coping with the military losses in Laos .,0,False
But the Communists never gave sufficient provocation at any one time for the United States to want to risk a limited or an all-out war over Laos .,0,False
"( Some SEATO nations disagreed , however .",0,False
),0,False
"There was the further complication that the administration had very early concluded that Laos was ill suited to be an ally , unlike its more determined neighbors , Thailand and South Viet Nam .",0,True
The administration declared itself in favor of a neutralized Laos .,0,False
"The pro-Western government , which the United States had helped in a revolt against the Souvanna Phouma `` neutralist '' government , never did appear to spark much fighting spirit in the Royal Lao Army .",0,False
There certainly was not any more energy displayed after it was clear the United States would not back the pro-Western government to the hilt .,0,False
"If the administration ever had any ideas that it could find an acceptable alternative to Prince Souvanna Phouma , whom it felt was too trusting of Communists , it gradually had to relinquish them .",0,False
"One factor was the statement of Senator J. W. Fulbright ( D ) of Arkansas , chairman of the Senate Foreign Relations Committee .",0,True
He declared on March 25 that the United States had erred a year and a half ago by `` encouraging the removal '' of Prince Souvanna .,0,False
Washington,0,False
The White House is taking extraordinary steps to check the rapid growth of juvenile delinquency in the United States .,0,False
The President is deeply concerned over this problem and its effect upon the `` vitality of the nation '' .,0,False
"In an important assertion of national leadership in this field , he has issued an executive order establishing the President's committee on Juvenile Delinquency and Crime , to be supported and assisted by a Citizens Advisory Council of recognized authorities on juvenile problems .",0,False
The President asks the support and cooperation of Congress in his efforts through the enactment of legislation to provide federal grants to states for specified efforts in combating this disturbing crime trend .,0,False
Offenses multiply,0,False
"The President has also called upon the Attorney General , the Secretary of Health , Education and Welfare , and the Secretary of Labor to coordinate their efforts `` in the development of a program of federal leadership to assist states and local communities in their efforts to cope with the problem .",0,False
"Simultaneously the President announced Thursday the appointment of David L. Hackett , a special assistant to the Attorney General , as executive director of the new Committee on Juvenile Delinquency and Youth Crime .",0,True
"His sense of urgency in this matter stems from the fact that court cases and juvenile arrests have more than doubled since 1948 , each year showing an increase in offenders .",0,True
"Among arrests reported by the Federal Bureau of Investigation in 1959 , about half for burglary and larceny involved persons under 18 years of age .",0,True
"East Providence should organize its civil defense setup and begin by appointing a full-time director , Raymond H. Hawksley , the present city CD head , believes .",0,False
Mr. Hawksley said yesterday he would be willing to go before the city council `` or anyone else locally '' to outline his proposal at the earliest possible time .,0,False
East Providence now has no civil defense program .,0,False
"Mr. Hawksley , the state's general treasurer , has been a part-time CD director in the city for the last nine years .",0,False
He is not interested in being named a full-time director .,0,False
"Noting that President Kennedy has handed the Defense Department the major responsibility for the nation's civil defense program , Mr. Hawksley said the federal government would pay half the salary of a full-time local director .",0,False
"He expressed the opinion the city could hire a CD director for about $3,500 a year and would only have to put up half that amount on a matching fund basis to defray the salary costs .",0,False
Mr. Hawksley said he believed there are a number of qualified city residents who would be willing to take the full-time CD job .,0,True
"One of these men is former Fire Chief John A. Laughlin , he said .",0,False
"Along with a director , the city should provide a CD headquarters so that pertinent information about the local organization would be centralized .",0,False
Mr. Hawksley said .,0,False
"One advantage that would come to the city in having a full-time director , he said , is that East Providence would become eligible to apply to the federal government for financial aid in purchasing equipment needed for a sound civil defense program .",0,False
"Matching funds also can be obtained for procurement of such items as radios , sirens and rescue trucks , he said .",0,False
"Mr. Hawksley believes that East Providence could use two more rescue trucks , similar to the CD vehicle obtained several years ago and now detailed to the Central Fire Station .",0,False
He would assign one of the rescue trucks to the Riverside section of the city and the other to the Rumford area .,0,False
"Speaking of the present status of civil defense in the city , Mr. Hawksley said he would be willing to bet that not more than one person in a hundred would know what to do or where to go in the event of an enemy attack .",0,False
"The Narragansett Race Track grounds is one assembly point , he said , and a drive-in theater in Seekonk would be another .",0,False
Riverside residents would go to the Seekonk assembly point .,0,False
Mr. Hawksley said he was not critical of city residents for not knowing what to do or where to assemble in case of an air attack .,0,False
"Such vital information , he said , has to be made available to the public frequently and at regular intervals for residents to know .",0,False
"If the city council fails to consider appointment of a full-time CD director , Mr. Hawksley said , then he plans to call a meeting early in September so that a civil defense organization will be developed locally .",0,False
"One of the first things he would do , he said , would be to organize classes in first aid .",0,False
Other steps would be developed after information drifts down to the local level from the federal government .,0,False
Rhode Island is going to examine its Sunday sales law with possible revisions in mind .,0,False
Governor Notte said last night he plans to name a committee to make the study and come up with recommendations for possible changes in time for the next session of the General Assembly .,0,False
"The governor's move into the so-called `` blue law '' controversy came in the form of a letter to Miss Mary R. Grant , deputy city clerk of Central Falls .",0,False
A copy was released to the press .,0,False
Mr. Notte was responding to a resolution adopted by the Central Falls City Council on July 10 and sent to the state house by Miss Grant .,0,False
The resolution urges the governor to have a complete study of the Sunday sales laws made with an eye to their revision at the next session of the legislature .,0,False
"While the city council suggested that the Legislative Council might perform the review , Mr. Notte said that instead he will take up the matter with Atty. Gen. J. Joseph Nugent to get `` the benefit of his views '' .",0,False
"He will then appoint the study committee with Mr. Nugent's cooperation , the governor said .",0,False
"`` I would expect the proposed committee to hold public hearings '' , Mr. Notte said , `` to obtain the views of the general public and religious , labor and special-interest groups affected by these laws '' .",0,False
The governor wrote Miss Grant that he has been concerned for some time `` with the continuous problem which confronts our local and state law enforcement officers as a result of the laws regulating Sunday sales '' .,0,True
The attorney general has advised local police that it is their duty to enforce the blue laws .,0,False
"Should there be evidence they are shirking , he has said , the state police will step into the situation .",0,False
There has been more activity across the state line in Massachusetts than in Rhode Island in recent weeks toward enforcement of the Sunday sales laws .,0,False
"The statutes , similar in both the Bay State and Rhode Island and dating back in some instances to colonial times , severely limit the types of merchandise that may be sold on the Sabbath .",0,False
The Central Falls City Council expressed concern especially that more foods be placed on the eligible list and that neighborhood grocery and variety stores be allowed to do business on Sunday .,0,False
"The only day they `` have a chance to compete with large supermarkets is on Sunday '' , the council's resolution said .",0,False
"The small shops `` must be retained , for they provide essential service to the community '' , according to the resolution , which added that they `` also are the source of livelihood for thousands of our neighbors '' .",0,False
It declares that Sunday sales licenses provide `` great revenue '' to the local government .,0,False
"The council advised the governor that `` large supermarkets , factory outlets and department stores not be allowed to do business '' on Sunday .",0,False
"They `` operate on a volume basis '' , it was contended , `` and are not essential to provide the more limited but vital shopping needs of the community '' .",0,False
"Liberals and conservatives in both parties -- Democratic and Republican -- should divorce themselves and form two independent parties , George H. Reama , nationally known labor-management expert , said here yesterday .",0,False
Mr. Reama told the Rotary Club of Providence at its luncheon at the Sheraton-Biltmore Hotel that about half of the people in the country want the `` welfare '' type of government and the other half want a free enterprise system .,0,False
He suggested that a regrouping of forces might allow the average voter a better pull at the right lever for him on election day .,0,False
He said he was `` confessing that I was a member of the Socialist Party in 1910 '' .,0,True
"That , he added , was when he was `` a very young man , a machinist and toolmaker by trade .",0,False
`` That was before I studied law .,0,False
Some of my fellow workers were grooming me for an office in the Socialist Party .,0,False
The lawyer with whom I studied law steered me off the Socialist track .,0,False
He steered me to the right track -- the free enterprise track '' .,0,False
"He said that when he was a Socialist in 1910 , the party called for government operation of all utilities and the pooling of all resources .",0,True
"He suggested that without the Socialist Party ever gaining a national victory , most of its original program has come to pass under both major parties .",0,False
"Mr. Reama , who retired as vice president of the American Screw Co. in 1955 said , `` Both parties in the last election told us that we need a five per cent growth in the gross national product -- but neither told us how to achieve it '' .",0,True
"He said he favors wage increases for workers -- `` but manufacturers are caught in a profit squeeze '' -- and raises should only come when the public is conditioned to higher prices , he added .",0,False
"Indicating the way in which he has turned his back on his 1910 philosophy , Mr. Reama said : `` A Socialist is a person who believes in dividing everything he does not own '' .",0,True
"Mr. Reama , far from really being retired , is engaged in industrial relations counseling .",0,False
"A petition bearing the signatures of more than 1,700 Johnston taxpayers was presented to the town council last night as what is hoped will be the first step in obtaining a home rule charter for the town .",0,False
"William A. Martinelli , chairman of the Citizens Group of Johnston , transferred the petitions from his left hand to his right hand after the council voted to accept them at the suggestion of Council President Raymond Fortin Sr. .",0,False
The law which governs home rule charter petitions states that they must be referred to the chairman of the board of canvassers for verification of the signatures within 10 days and Mr. Martinelli happens to hold that post .,0,False
Mr. Martinelli explained that there should be more than enough signatures to assure the scheduling of a vote on the home rule charter and possible election of a nine member charter commission within 70 days .,0,False
He explained that by law the council must establish procedures for a vote on the issue within 60 days after the board of canvassers completes its work .,0,False
"A difference of opinion arose between Mr. Martinelli and John P. Bourcier , town solicitor , over the exact manner in which the vote is handled .",0,False
"Mr. Martinelli has , in recent weeks , been of the opinion that a special town meeting would be called for the vote , while Mr. Bourcier said that a special election might be called instead .",0,False
Mr. Bourcier said that he had consulted several Superior Court justices in the last week and received opinions favoring both procedures .,0,False
He assured Mr. Martinelli and the council that he would study the correct method and report back to the council as soon as possible .,0,False
Mr. Martinelli said yesterday that the Citizens Group of Johnston will meet again July 24 to plan further strategy in the charter movement .,0,False
"He said that the group has no candidates for the charter commission in mind at present , but that it will undoubtedly endorse candidates when the time comes .",0,False
"`` After inspiring this , I think we should certainly follow through on it '' , he declared .",0,False
`` It has become our responsibility and I hope that the Citizens Group will spearhead the movement '' .,0,False
He said he would not be surprised if some of the more than 30 members of the group are interested in running on the required non-partisan ballot for posts on the charter commission .,0,False
"`` Our most immediate goal is to increase public awareness of the movement '' , he indicated , `` and to tell them what this will mean for the town '' .",0,False
He expects that if the present timetable is followed a vote will be scheduled during the last week in September .,0,False
"Some opposition to the home rule movement started to be heard yesterday , with spokesmen for the town's insurgent Democratic leadership speaking out against the home rule charter in favor of the model municipal league charter .",0,False
"Increasing opposition can be expected in coming weeks , it was indicated .",0,False
Misunderstanding of the real meaning of a home rule charter was cited as a factor which has caused the Citizens Group to obtain signatures under what were termed `` false pretenses '' .,0,False
"Several signers affixed their names , it was learned , after being told that no tax increase would be possible without consent of the General Assembly and that a provision could be included in the charter to have the town take over the Johnston Sanitary District sewer system .",0,False
Action on a new ordinance permitting motorists who plead guilty to minor traffic offenses to pay fines at the local police station may be taken at Monday's special North Providence Town Council meeting .,0,False
Council president Frank SanAntonio said yesterday he may ask the council to formally request Town Solicitor Michael A. Abatuno to draft the ordinance .,0,False
"At the last session of the General Assembly , the town was authorized to adopt such an ordinance as a means of making enforcement of minor offenses more effective .",0,False
Nothing has been done yet to take advantage of the enabling legislation .,0,False
At present all offenses must be taken to Sixth District Court for disposition .,0,False
Local police have hesitated to prosecute them because of the heavy court costs involved even for the simplest offense .,0,False
Plainfield,0,False
"-- James P. Mitchell and Sen. Walter H. Jones R-Bergen , last night disagreed on the value of using as a campaign issue a remark by Richard J. Hughes , Democratic gubernatorial candidate , that the GOP is `` Campaigning on the carcass of Eisenhower Republicanism '' .",0,False
"Mitchell was for using it , Jones against , and Sen. Wayne Dumont Jr. R-Warren did not mention it when the three Republican gubernatorial candidates spoke at staggered intervals before 100 persons at the Park Hotel .",0,False
The controversial remark was first made Sunday by Hughes at a Westfield Young Democratic Club cocktail party at the Scotch Plains Country Club .,0,False
It was greeted with a chorus of boos by 500 women in Trenton Monday at a forum of the State Federation of Women's Clubs .,0,False
"Hughes said Monday , `` It is the apparent intention of the Republican Party to campaign on the carcass of what they call Eisenhower Republicanism , but the heart stopped beating and the lifeblood congealed after Eisenhower retired .",0,True
"Now he's gone , the Republican Party is not going to be able to sell the tattered remains to the people of the state '' .",0,False
"Sunday he had added , `` We can love Eisenhower the man , even if we considered him a mediocre president but there is nothing left of the Republican Party without his leadership '' .",0,False
Mitchell said the statement should become a major issue in the primary and the fall campaign .,0,False
`` How can a man with any degree of common decency charge this '' ? ?,0,False
He asked .,0,False
The former secretary of labor said he was proud to be an Eisenhower Republican `` and proud to have absorbed his philosophy '' while working in his adminstration .,0,False
Mitchell said the closeness of the outcome in last fall's Presidential election did not mean that Eisenhower Republicanism was a dead issue .,0,True
Regrets attack,0,False
Jones said he regretted Hughes had made a personal attack on a past president .,0,False
"`` He is wrong to inject Eisenhower into this campaign '' , he said , `` because the primary is being waged on state issues and I will not be forced into re-arguing an old national campaign '' .",0,False
The audience last night did not respond with either applause or boos to mention of Hughes' remark .,0,False
Dumont spoke on the merit of having an open primary .,0,False
He then launched into what the issues should be in the campaign .,0,False
"State aid to schools , the continuance of railroad passenger service , the proper uses of surplus funds of the Port of New York Authority , and making New Jersey attractive to new industry .",0,False
Decries joblessness,0,False
Mitchell decried the high rate of unemployment in the state and said the Meyner administration and the Republican-controlled State Senate `` Must share the blame for this '' .,0,False
"Noting that Plainfield last year had lost the Mack Truck Co. plant , he said industry will not come into this state until there is tax reform .",0,False
"`` But I am not in favor of a sales or state income tax at this time '' , Mitchell said .",0,False
"Jones , unhappy that the candidates were limited to eight minutes for a speech and no audience questions , saved his barbs for Mitchell .",0,False
He said Mitchell is against the centralization of government in Washington but looks to the Kennedy Administration for aid to meet New Jersey school and transportation crises .,0,False
"`` He calls for help while saying he is against centralization , but you can't have it both ways '' , Jones said .",0,False
"The state is now faced with the immediate question of raising new taxes whether on utilities , real estate or motor vehicles , he said , `` and I challenge Mitchell to tell the people where he stands on the tax issue '' .",0,False
Defends Ike,0,False
"Earlier , Mitchell said in a statement :",0,False
`` I think that all Americans will resent deeply the statements made about President Eisenhower by Richard J. Hughes .,0,False
"His reference to ' discredited carcass ' or ' tattered remains ' of the president's leadership is an insult to the man who led our forces to victory in the greatest war in all history , to the man who was twice elected overwhelmingly by the American people as president of the United States , and who has been the symbol to the world of the peace-loving intentions of the free nations .",0,True
`` I find it hard to understand how anyone seeking a position in public life could demonstrate such poor judgment and bad taste .,0,False
`` Such a vicious statement can only have its origin in the desire of a new political candidate to try to make his name known by condemning a man of world stature .,0,False
It can only rebound to Mr. Hughes' discredit '' .,0,False
Sees Jones ahead,0,False
"Sen. Charles W. Sandman , R-Cape May , said today Jones will run well ahead of his GOP opponents for the gubernatorial nomination .",0,False
"Sandman , state campaign chairman for Jones , was addressing a meeting in the Military Park Hotel , Newark , of Essex County leaders and campaign managers for Jones .",0,False
Sandman told the gathering that reports from workers on a local level all over the state indicate that Jones will be chosen the Republican Party's nominee with the largest majority given a candidate in recent years .,0,False
"Sandman said : `` The announcement that Sen. Clifford Case Aj , has decided to spend all his available time campaigning for Mr. Mitchell is a dead giveaway .",0,True
It is a desperate effort to prop up a sagging candidate who has proven he cannot answer any questions about New Jersey's problems .,0,True
`` We have witnessed in this campaign the effort to project Mr. Mitchell as the image of a unity candidate from Washington .,0,False
That failed .,0,False
`` We are now witnessing an effort to transfer to Mr. Mitchell some of the glow of Sen. Case's candidacy of last year .,0,False
"That , too , will fail '' .",0,False
"Sandman announced the appointment of Mrs. Harriet Copeland Greenfield of 330 Woodland Ave. , Westfield , as state chairman of the Republican Women for Jones Committee .",0,False
Mrs. Greenfield is president of the Westfield Women's Republican Club and is a Westfield county committeewoman .,0,True
"County Supervisor Weldon R. Sheets , who is a candidate for the Democratic gubernatorial nomination , today called for an end to paper ballots in those counties in the state which still use them .",0,True
"The proposal , Sheets said , represents part of his program for election reforms necessary to make democracy in New Jersey more than a `` lip service word '' .",0,False
"Sheets said that his proposed law would offer state financing aid for the purchase of voting machines , enabling counties to repay the loan over a 10-year period without interest or charge .",0,False
"Sheets added that he would ask for exclusive use of voting machines in the state by January , 1964 .",0,False
"Although he pointed out that mandatory legislation impinging on home rule is basically distasteful , he added that the vital interest in election results transcended county lines .",0,False
"The candidacy of Mayor James J. Sheeran of West Orange , for the Republican nomination for sheriff of Essex County , was supported today by Edward W. Roos , West Orange public safety commissioner .",0,False
"Sheeran , a lawyer and former FBI man is running against the Republican organization's candidate , Freeholder William MacDonald , for the vacancy left by the resignation of Neil Duffy , now a member of the State Board of Tax Appeals .",0,False
"`` My experience as public safety commissioner '' , Roos said , `` has shown me that the office of sheriff is best filled by a man with law enforcement experience , and preferably one who is a lawyer .",0,True
Jim Sheeran fits that description '' .,0,False
Trenton,0,False
"-- William J. Seidel , state fire warden in the Department of Conservation and Economic Development , has retired after 36 years of service .",0,False
A citation from Conservation Commissioner Salvatore A. Bontempo credits his supervision with a reduction in the number of forest fires in the state .,0,False
Seidel joined the department in 1925 as a division fire warden after graduation in 1921 from the University of Michigan with a degree in forestry and employment with private lumber companies .,0,True
"In October 1944 , he was appointed state warden and chief of the Forest Fire Section .",0,False
"Under his supervision , the state fire-fighting agency developed such techniques as plowing of fire lines and established a fleet of tractor plows and tractor units for fire fighting .",0,False
He also expanded and modernized the radio system with a central control station .,0,False
He introduced regular briefing sessions for district fire wardens and first aid training for section wardens .,0,False
He is credited with setting up an annual co-operative fire prevention program in co-operation with the Red Cross and State Department of Education .,0,False
Boonton,0,False
-- Richard J. Hughes made his Morris County debut in his bid for the Democratic gubernatorial nomination here last night with a pledge `` to carry the issues to every corner of the state '' .,0,False
"He promised nearly 200 Democratic county committee members at the meeting in the Puddingstone Inn : `` When I come back here after the November election you'll think , ' You're my man -- you're the kind of governor we're glad we elected ' '' .",0,False
"He said , `` We Democrats must resolve our issues on the test of what is right and just , and not what is expedient at the time '' .",0,False
Attacks Republicans,0,False
"In his only attack on the Republicans , Hughes said , `` The three Republican candidates for governor are tripping over their feet for popular slogans to win the primary .",0,False
"But we'll have a liberal , well planned , forward looking , honest platform .",0,False
We'll not talk out of one side of our mouth in Morris County and out of the other side in Hudson .,0,False
"`` We'll take the truth to the people , and the people will like the truth and elect their candidate and party in November '' .",0,False
"He said , `` You can see signs of the Republicans' feeble attack on the Meyner administration .",0,False
But I shall campaign on the Meyner record to meet the needs of the years ahead '' .,0,False
He urged New Jersey to `` become a full partner in the courageous actions of President Kennedy '' .,0,False
"He called for a greater attraction of industry and a stop to the piracy of industry by Southern states , and a strong fight against discrimination in business and industry .",0,False
"`` We must keep the bloodstream of New Jersey clean '' , the former Superior Court judge said .",0,False
`` To prevent hoodlums from infiltrating the state as they did in the Republican administration in the early 1940s '' .,0,False
"Calling the Democrats the `` party that lives , breathes and thinks for the good of the people '' , Hughes asked , `` a representative Democratic vote in the primary for a springboard toward victory in November '' .",0,False
Hughes supported Gov. Meyner's `` Green Acres '' plan for saving large tracts of open land from the onrush of urban development .,0,False
He said legislation for a $60 million bond issue to underwrite the program is expected to be introduced Monday .,0,False
Conservation plan,0,False
The plan will provide $45 million for purchase of open land by the state .,0,False
The other $15 million is to be alloted to municipalities on a matching fund basis .,0,False
"Hughes said , `` This is not a plan to conquer space -- but to conserve it '' , pointing out the state population has increased 125,000 each year since 1950 .",0,True
"He said `` Morris County is rapidly changing and unless steps are taken to preserve the green areas , there will be no land left to preserve '' .",0,False
Hughes would not comment on tax reforms or other issues in which the Republican candidates are involved .,0,False
He said no matter what stand he takes it would be misconstrued that he was sympathetic to one or the other of the Republicans .,0,False
"`` After the primary '' , he promised , `` I'll be explicit on where I stand to bring you a strong , dynamic administration .",0,False
I'm not afraid to tangle with the Republican nominee '' .,0,False
Trenton,0,False
-- Fifteen members of the Republican State Committee who are retiring -- voluntarily -- this year were honored yesterday by their colleagues .,0,False
"The outgoing members , whose four-year terms will expire a week after the April 18 primary election , received carved wooden elephants , complete with ivory tusks , to remember the state committee by .",0,False
"There may be other 1961 state committee retirements come April 18 , but they will be leaving by choice of the Republican voters .",0,False
"A special presentation was made to Mrs. Geraldine Thompson of Red Bank , who is stepping down after 35 years on the committee .",0,False
She also was the original GOP national committeewoman from New Jersey in the early 1920s following adoption of the women's suffrage amendment .,0,True
She served one four-year term on the national committee .,0,False
Resentment welled up yesterday among Democratic district leaders and some county leaders at reports that Mayor Wagner had decided to seek a third term with Paul R. Screvane and Abraham D. Beame as running mates .,0,False
At the same time reaction among anti-organization Democratic leaders and in the Liberal party to the Mayor's reported plan was generally favorable .,0,False
Some anti-organization Democrats saw in the program an opportunity to end the bitter internal fight within the Democratic party that has been going on for the last three years .,0,False
The resentment among Democratic organization leaders to the reported Wagner plan was directed particularly at the Mayor's efforts to name his own running mates without consulting the leaders .,0,True
Some viewed this attempt as evidence that Mr. Wagner regarded himself as bigger than the party .,0,False
Opposition reported,0,False
Some Democratic district and county leaders are reported trying to induce State Controller Arthur Levitt of Brooklyn to oppose Mr. Wagner for the Mayoral nomination in the Sept. 7 Democratic primary .,0,False
These contend there is a serious question as to whether Mr. Wagner has the confidence of the Democratic rank and file in the city .,0,True
Their view is that last-minute changes the Mayor is proposing to make in the Democratic ticket only emphasize the weakness of his performance as Mayor .,0,False
"In an apparent effort to head off such a rival primary slate , Mr. Wagner talked by telephone yesterday with Representative Charles A. Buckley , the Bronx Democratic leader , and with Joseph T. Sharkey , the Brooklyn Democratic leader .",0,False
Mayor visits Buckley,0,False
"As usual , he made no attempt to get in touch with Carmine G. De Sapio , the Manhattan leader .",0,False
He is publicly on record as believing Mr. De Sapio should be replaced for the good of the party .,0,False
Last night the Mayor visited Mr. Buckley at the Bronx leader's home for a discussion of the situation .,0,False
Apparently he believes Mr. Buckley holds the key to the Democratic organization's acceptance of his choices for running mates without a struggle .,0,False
"In talks with Mr. Buckley last week in Washington , the Mayor apparently received the Bronx leader's assent to dropping Controller Lawrence E. Gerosa , who lives in the Bronx , from this year's ticket .",0,False
But Mr. Buckley seems to have assumed he would be given the right to pick Mr. Gerosa's successor .,0,False
Screvane and Beame hailed,0,False
"The Mayor declined in two interviews with reporters yesterday to confirm or deny the reports that he had decided to run and wanted Mr. Screvane , who lives in Queens , to replace Abe Stark , the incumbent , as the candidate for President of the City Council and Mr. Beame , who lives in Brooklyn , to replace Mr. Gerosa as the candidate for Controller .",0,True
The Mayor spoke yesterday at the United Irish Counties Feis on the Hunter College Campus in the Bronx .,0,False
"After his speech , reporters asked him about the report of his political intentions , published in yesterday's New York Times .",0,False
The Mayor said :,0,False
`` It didn't come from me .,0,False
"But as I have said before , if I announce my candidacy , I will have something definite to say about running mates '' .",0,False
"Boston , June 16",0,False
-- A wave of public resentment against corruption in government is rising in Massachusetts .,0,False
There is a tangible feeling in the air of revulsion toward politics .,0,False
The taxi driver taking the visitor from the airport remarks that politicians in the state are `` all the same '' .,0,False
"`` It's ' See Joe , see Jim ' '' , he says .",0,False
`` The hand is out '' .,0,False
"A political scientist writes of the growth of `` alienated voters '' , who `` believe that voting is useless because politicians or those who influence politicians are corrupt , selfish and beyond popular control .",0,False
"These voters view the political process as a secret conspiracy , the object of which is to plunder them '' .",0,False
"Corruption is hardly a recent development in the city and state that were widely identified as the locale of Edwin O'Connor's novel , `` The Last Hurrah '' .",0,False
But there are reasons for the current spotlight on the subject .,0,False
A succession of highly publicized scandals has aroused the public within the last year .,0,False
Graft in the construction of highways and other public works has brought on state and Federal investigations .,0,False
And the election of President Kennedy has attracted new attention to the ethical climate of his home state .,0,False
"A reader of the Boston newspapers can hardly escape the impression that petty chicanery , or worse , is the norm in Massachusetts public life .",0,True
Day after day some new episode is reported .,0,False
"The state Public Works Department is accused of having spent $8,555 to build a private beach for a state judge on his waterfront property .",0,False
An assistant attorney general is directed to investigate .,0,False
"Washington , June 18",0,False
-- Congress starts another week tomorrow with sharply contrasting forecasts for the two chambers .,0,False
"In the Senate , several bills are expected to pass without any major conflict or opposition .",0,False
"In the House , the Southern-Republican coalition is expected to make another major stand in opposition to the Administration's housing bill , while more jockeying is expected in an attempt to advance the aid-to-education bill .",0,False
The housing bill is now in the House Rules Committee .,0,False
"It is expected to be reported out Tuesday , but this is a little uncertain .",0,False
"The panel's action depends on the return of Representative James W. Trimble , Democrat of Arkansas , who has been siding with Speaker Sam Rayburn's forces in the Rules Committee in moving bills to the floor .",0,False
Mr. Trimble has been in the hospital but is expected back Tuesday .,0,False
Leadership is hopeful,0,False
The housing bill is expected to encounter strong opposition by the coalition of Southern Democrats and conservative Republicans .,0,False
"The Democratic leadership , however , hopes to pass it sometime this week .",0,False
"The $6,100,000,000 measure , which was passed last Monday by the Senate , provides for forty-year mortgages at low down-payments for moderate-income families .",0,False
It also provides for funds to clear slums and help colleges build dormitories .,0,False
"The education bill appears to be temporarily stalled in the Rules Committee , where two Northern Democratic members who usually vote with the Administration are balking because of the religious controversy .",0,False
They are James J. Delaney of Queens and Thomas P. O'Neill Jr. of Massachusetts .,0,False
Three groups to meet,0,False
What could rescue the bill would be some quick progress on a bill amending the National Defense Education Act of 1958 .,0,False
"This would provide for long-term Federal loans for construction of parochial and other private-school facilities for teaching science , languages and mathematics .",0,False
Mr. Delaney and Mr. O'Neill are not willing to vote on the public-school measure until the defense education bill clears the House Education and Labor Committee .,0,False
"About half of all Peace Corps projects assigned to voluntary agencies will be carried out by religious groups , according to an official of the corps .",0,True
"In the $40,000,000 budget that has been submitted for Congressional approval , $26,000,000 would be spent through universities and private voluntary agencies .",0,False
"Twelve projects proposed by private groups are at the contract-negotiation stage , Gordon Boyce , director of relations with the voluntary agencies , said in a Washington interview .",0,True
Six of these were proposed by religious groups .,0,False
"They will be for teaching , agriculture and community development in Southeast Asia , Africa , the Middle East and Latin America .",0,False
Question raised,0,False
"Interviews with several church leaders have disclosed that this development has raised the question whether the Peace Corps will be able to prevent confusion for church and state over methods , means and goals .",0,False
"There are a number of ways this could happen , the churchmen pointed out , and here is an example :",0,False
Last month in Ghana an American missionary discovered when he came to pay his hotel bill that the usual rate had been doubled .,0,True
"When he protested , the hotel owner said :",0,False
`` Why do you worry ? ?,0,False
The U. S. Government is paying for it .,0,False
The U. S. Government pays for all its overseas workers '' .,0,False
Missionary explains,0,False
"`` I don't work for the Government '' , the American said .",0,False
`` I'm a missionary '' .,0,False
The hotel owner shrugged .,0,False
"`` Same thing '' , he said .",0,False
"And then , some churchmen remarked , there is a more classical church-state problem :",0,False
Can religious agencies use Government funds and Peace Corps personnel in their projects and still preserve the constitutional requirement on separation of church and state ? ?,0,False
"R. Sargent Shriver Jr. , director of the corps , is certain that they can .",0,True
"No religious group , he declared in an interview , will receive Peace Corps funds unless it forswears all proselytizing on the project it proposes .",0,False
"Moscow , June 18",0,False
"-- At a gay party in the Kremlin for President Sukarno of Indonesia , Premier Khrushchev pulled out his pockets and said , beaming : `` Look , he took everything I had '' ! !",0,False
Mr. Khrushchev was jesting in the expansive mood of the successful banker .,0,False
"Indonesia is one of the twenty under-developed countries of Asia , Africa and Latin America that are receiving Soviet aid .",0,False
"The Soviet Union and other members of the Communist bloc are rapidly expanding their economic , technical and military assistance to the uncommitted nations .",0,False
"The Communist countries allocated more than $1,000,000,000 in economic aid alone last year , according to Western estimates .",0,False
This was the biggest annual outlay since the Communist program for the under-developed countries made its modest beginning in 1954 .,0,True
"In 1960 more than 6,000 Communist technicians were present in those countries .",0,True
"United Nations , N. Y. , June 18",0,False
-- A committee of experts has recommended that a country's population be considered in the distribution of professional posts at the United Nations .,0,False
This was disclosed today by a responsible source amid intensified efforts by the Soviet Union to gain a greater role in the staff and operation of the United Nations .,0,False
"One effect of the proposal , which puts a premium on population instead of economic strength , as in the past , would be to take jobs from European nations and give more to such countries as India .",0,False
"India is the most populous United Nations member with more than 400,000,000 inhabitants .",0,True
The new formula for filling staff positions in the Secretariat is one of a number of recommendations made by a panel of eight in a long and detailed report .,0,False
The report was completed after nearly eighteen months of work on the question of the organization of the United Nations .,0,False
Formula is due this week,0,False
The Advisory Committee on Administrative and Budgetary Questions is expected to receive the report this week .,0,False
The jobs formula is understood to follow these lines :,0,False
"Each of the organization's ninety-nine members would get two professional posts , such as political affairs officer , a department head or an economist , to start .",0,False
"Each member would get one post for each 10,000,000 people in its population up to 150,000,000 people or a maximum of fifteen posts .",0,False
"Each member with a population above 150,000,000 would get one additional post for each additional 30,000,000 people up to an unspecified cut-off point .",0,False
"Geneva , June 18",0,False
-- The three leaders of Laos agreed today to begin negotiations tomorrow on forming a coalition government that would unite the war-ridden kingdom .,0,False
"The decision was made in Zurich by Prince Boun Oum , Premier of the pro-Western royal Government ; ;",0,False
"Prince Souvanna Phouma , leader of the nation's neutralists and recognized as Premier by the Communist bloc , and Prince Souphanouvong , head of the pro-Communist Pathet Lao forces .",0,True
The latter two are half-brothers .,0,False
Their joint statement was welcomed by the Western delegations who will attend tomorrow the nineteenth plenary session of the fourteen-nation conference on the future of Laos .,0,False
"An agreement among the Princes on a coalition government would ease their task , diplomats conceded .",0,False
But no one was overly optimistic .,0,False
Tactics studied in Geneva,0,False
"W. Averell Harriman of the United States , Malcolm MacDonald of Britain , Maurice Couve De Murville , France's Foreign Minister , and Howard C. Green , Canada's Minister of External Affairs , concluded , meanwhile , a round of consultations here on future tactics in the conference .",0,False
The pace of the talks has slowed with each passing week .,0,False
"Princess Moune , Prince Souvanna Phouma's young daughter , read the Princes' statement .",0,False
"They had a two-hour luncheon together in `` an atmosphere of cordial understanding and relaxation '' , she said .",0,False
"The three Laotians agreed upon a six-point agenda for their talks , which are to last three days .",0,False
The Princess said it was too early to say what would be decided if no agreement was reached after three days .,0,False
To deal with principles,0,False
"The meetings in Zurich , the statement said , would deal only with principles that would guide the three factors in their search for a coalition Government .",0,False
"Appointment of William S. Pfaff Jr. , 41 , as promotion manager of The Times-Picayune Publishing Company was announced Saturday by John F. Tims , president of the company .",0,True
"Pfaff succeeds Martin Burke , who resigned .",0,True
"The new promotion manager has been employed by the company since January , 1946 , as a commercial artist in the advertising department .",0,False
"He is a native of New Orleans and attended Allen Elementary school , Fortier High school and Soule business college .",0,True
"From June , 1942 , until December , 1945 , Pfaff served in the Army Air Corps .",0,False
"While in the service he attended radio school at Scott Field in Belleville , Ill. .",0,False
"Before entering the service , Pfaff for five years did clerical work with a general merchandising and wholesale firm in New Orleans .",0,False
"He is married to the former Audrey Knecht and has a daughter , Karol , 13 .",0,True
They reside at 4911 Miles Dr. .,0,True
Washington,0,False
-- Thousands of bleacher-type seats are being erected along Pennsylvania Avenue between the Capitol and the White House for the big inaugural parade on Jan. 20 .,0,False
"Assuming the weather is halfway decent that day , hundreds of thousands of persons will mass along this thoroughfare as President John F. Kennedy and retiring President Dwight D. Eisenhower leave Capitol Hill following the oath-taking ceremonies and ride down this historic ceremonial route .",0,False
"Pennsylvania Avenue , named for one of the original 13 states , perhaps is not the most impressive street in the District of Columbia from a commercial standpoint .",0,False
But from a historic viewpoint none can approach it .,0,False
Many buildings,0,False
"Within view of the avenue are some of the United States government's tremendous buildings , plus shrines and monuments .",0,False
"Of course , 1600 Pennsylvania , the White House , is the most famous address of the free world .",0,True
"Within an easy walk from Capitol Hill where Pennsylvania Avenue comes together with Constitution Avenue , begins a series of great federal buildings , some a block long and all about seven-stories high .",0,False
"Great chapters of history have been recorded along the avenue , now about 169 years old .",0,False
In the early spring of 1913 a few hundred thousand persons turned out to watch 5000 women parade .,0,False
They were the suffragettes and they wanted to vote .,0,False
In the 1920 presidential election they had that right and many of them did vote for the first time .,0,False
Seats on square,0,False
Along this avenue which saw marching soldiers from the War Between the States returning in 1865 is the National Archives building where hundreds of thousands of this country's most valuable records are kept .,0,True
Also the department of justice building is located where J. Edgar Hoover presides over the federal bureau of investigation .,0,False
"Street car tracks run down the center of Pennsylvania , powered with lines that are underground .",0,False
"Many spectators will be occupying seats and vantage points bordering Lafayette Square , opposite the White House .",0,False
"In this historic square are several statues , but the one that stands out over the others is that of Gen. Andrew Jackson , hero of the Battle of New Orleans .",0,False
Moving past the presidential viewing stand and Lafayette Square will be at least 40 marching units .,0,False
"About 16,000 military members of all branches of the armed forces will take part in the parade .",0,False
Division one of the parade will be the service academies .,0,False
"Division two will include the representations of Massachusetts and Texas , the respective states of the President and of Vice-President L. B. Johnson .",0,False
Then will come nine other states in the order of their admission to the union .,0,False
Division three will be headed by the Marines followed by 12 states ; ;,0,False
"division four will be headed by the Navy , followed by 11 states ; ;",0,False
"division five , by the Air Force followed by 11 states .",0,False
"Division six will be headed by the Coast Guard , followed by the reserve forces of all services , five states , Puerto Rico , the Virgin Islands , Guam , American Samoa , the trust territories and the Canal Zone .",0,False
"Jackson , Miss.",0,False
-- What does 1961 offer in political and governmental developments in Mississippi ? ?,0,False
"Even for those who have been observing the political scene a long time , no script from the past is worth very much in gazing into the state's immediate political future .",0,False
This is largely because of the unpredictability of the man who operates the helm of the state government and is the elected leader of its two million inhabitants -- Gov. Ross Barnett .,0,True
"Barnett , who came into office with no previous experience in public administration , has surrounded himself with confusion which not only keeps his foes guessing but his friends as well .",0,False
"Consequently , it is uncertain after nearly 12 months in office just which direction the Barnett administration will take in the coming year .",0,False
Could be scramble,0,False
Some predict the administration will settle down during 1961 and iron out the rough edges which it has had thus far .,0,True
The builtin headache of the Barnett regime thus far has been the steady stream of job-seekers and others who feel they were given commitments by Barnett at some stage of his eight-year quest for the governor's office .,0,False
"There are many who predict that should Barnett decide to call the Legislature back into special session , it will really throw his administration into a scramble .",0,False
Certainly nobody will predict that the next time the lawmakers come back together Barnett will be able to enjoy a re-enactment of the strange but successful `` honeymoon '' he had in the 1960 legislative session .,0,False
"If Barnett doesn't call a special session in 1961 , it will be the first year in the last decade that the Legislature has not met in regular or special session .",0,True
"The odds favor a special session , more than likely early in the year .",0,False
Districts issue,0,False
Legislators always get restless for a special session ( whether for the companionship or the $22.50 per diem is not certain ) and if they start agitating .,0,False
Barnett is not expected to be able to withstand the pressure .,0,False
The issue which may make it necessary to have a session is the highly sensitive problem of cutting the state's congressional districts from six to five to eliminate one congressional seat .,0,False
"With eyes focused on the third congressional district , the historic Delta district , and Congressman Frank E. Smith as the one most likely to go , the redistricting battle will put to a test the longstanding power which lawmakers from the Delta have held in the Legislature .",0,False
"Mississippi's relations with the national Democratic party will be at a crossroads during 1961 , with the first Democratic president in eight years in the White House .",0,True
"Split badly during the recent presidential election into almost equally divided camps of party loyalists and independents , the Democratic party in Mississippi is currently a wreck .",0,False
And there has been no effort since the election to pull it back together .,0,False
Future clouded,0,False
"Barnett , as the titular head of the Democratic party , apparently must make the move to reestablish relations with the national Democratic party or see a movement come from the loyalist ranks to completely bypass him as a party functionary .",0,False
"With a Democratic administration , party patronage would normally begin to flow to Mississippi if it had held its Democratic solidarity in the November election .",0,False
"Now , the picture is clouded , and even US Sens. James O. Eastland and John C. Stennis , who remained loyal to the ticket , are uncertain of their status .",0,False
Reports are that it is more than probable that the four congressmen from Mississippi who did not support the party ticket will be stripped of the usual patronage which flows to congressmen .,0,False
"Baton Rouge , La.",0,False
"-- The Gov. Jimmie H. Davis administration appears to face a difficult year in 1961 , with the governor's theme of peace and harmony subjected to severe stresses .",0,False
The year will probably start out with segregation still the most troublesome issue .,0,False
But it might give way shortly to another vexing issue -- that of finances in state government .,0,False
"The transition from segregation to finances might already be in progress , in the form of an administration proposal to hike the state sales tax from 2 per cent to 3 per cent .",0,False
"The administration has said the sales tax proposal is merely part of the segregation strategy , since the revenues from the increase would be dedicated to a grant in aid program .",0,False
But the tardiness of the administration in making the dedication has caused legislators to suspect the tax bill was related more directly to an over-all shortage of cash than to segregation .,0,False
Legislators weary,0,False
"Indeed , the administration's curious position on the sales tax was a major factor in contributing to its defeat .",0,False
The administration could not say why $28 million was needed for a grant-in-aid program .,0,False
The effectiveness of the governor in clearing up some of the inconsistencies revolving about the sales tax bill may play a part in determining whether it can muster the required two-thirds vote .,0,False
The tax bill will be up for reconsideration Wednesday in the House when the Legislature reconvenes .,0,False
Davis may use the tax bill as a means to effect a transition from special sessions of the Legislature to normalcy .,0,False
"If it fails to pass , he can throw up his hands and say the Legislature would not support him in his efforts to prevent integration .",0,False
He could terminate special sessions of the Legislature .,0,False
"Actually , Davis would have to toss in the towel soon anyway .",0,False
Many legislators are already weary and frustrated over the so-far losing battle to block token integration .,0,False
This is not the sort of thing most politicos would care to acknowledge publicly .,0,False
"They would like to convey the notion something is being done , even though it is something they know to be ineffectual .",0,False
Underlying concern,0,False
Passage of the sales tax measure would also give Davis the means to effect a transition .,0,False
He could tell the Legislature they had provided the needed funds to carry on the battle .,0,False
"Then he could tell them to go home , while the administration continued to wage the battle with the $28 million in extra revenues the sales tax measure would bring in over an eight months period .",0,False
"It is difficult to be certain how the administration views that $28 million , since the views of one leader may not be the same as the views of another one .",0,False
"But if the administration should find it does not need the $28 million for a grant-in-aid program , a not unlikely conclusion , it could very well seek a way to use the money for other purposes .",0,False
This would be in perfect consonance with the underlying concern in the administration -- the shortage of cash .,0,False
It could become an acute problem in the coming fiscal year .,0,False
"If the administration does not succeed in passing the sales tax bill , or any other tax bill , it could very well be faced this spring at the fiscal session of the Legislature with an interesting dilemma .",0,False
"Since the constitution forbids introduction of a tax bill at a fiscal session , the administration will either have to cut down expenses or inflate its estimates of anticipated revenues .",0,False
Constant problem,0,False
"In either case , it could call a special session of the Legislature later in 1961 to make another stab at raising additional revenues through a tax raiser .",0,True
The prospect of cutting back spending is an unpleasant one for any governor .,0,False
"It is one that most try to avoid , as long as they can see an alternative approach to the problem .",0,False
"But if all alternatives should be clearly blocked off , it can be expected the Davis administration will take steps to trim spending at the spring session of the state Legislature .",0,False
"This might be done to arouse those who have been squeezed out by the trims to exert pressure on the Legislature , so it would be more receptive to a tax proposal later in the year .",0,False
A constant problem confronting Davis on any proposals for new taxes will be the charge by his foes that he has not tried to economize .,0,False
Any tax bill also will revive allegations that some of his followers have been using their administration affiliations imprudently to profit themselves .,0,False
"The new year might see some house-cleaning , either genuine or token , depending upon developments , to give Davis an opportunity to combat some of these criticisms .",0,False
City Controller Alexander Hemphill charged Tuesday that the bids on the Frankford Elevated repair project were rigged to the advantage of a private contracting company which had `` an inside track '' with the city .,0,False
"Estimates of the city's loss in the $344,000 job have ranged as high as $200,000 .",0,False
Shortcuts unnoticed,0,False
Hemphill said that the Hughes Steel Erection Co. contracted to do the work at an impossibly low cost with a bid that was far less than the `` legitimate '' bids of competing contractors .,0,False
"The Hughes concern then took `` shortcuts '' on the project but got paid anyway , Hemphill said .",0,False
The Controller's charge of rigging was the latest development in an investigation which also brought these disclosures Tuesday :,0,True
"The city has sued for the full amount of the $172,400 performance bond covering the contract .",0,False
The Philadelphia Transportation Co. is investigating the part its organization played in reviewing the project .,0,False
"The signature of Harold V. Varani , former director of architecture and engineering in the Department of Public Property , appeared on payment vouchers certifying work on the project .",0,True
Varani has been fired on charges of accepting gifts from the contractor .,0,False
Managing Director Donald C. Wagner has agreed to cooperate fully with Hemphill after a period of sharp disagreement on the matter .,0,False
The announcement that the city would sue for recovery on the performance bond was made by City Solicitor David Berger at a press conference following a meeting in the morning with Wagner and other officials of the city and the PTC as well as representatives of an engineering firm that was pulled off the El project before its completion in 1959 .,0,True
Concern bankrupt,0,False
"The Hughes company and the Consolidated Industries , Inc. , both of 3646 N. 2d St. , filed for reorganization under the Federal bankruptcy law .",0,False
"On Monday , the Hughes concern was formally declared bankrupt after its directors indicated they could not draw up a plan for reorganization .",0,False
"Business relations between the companies and city have been under investigation by Hemphill and District Attorney James C. Crumlish , Jr. .",0,False
Intervenes in case,0,False
The suit was filed later in the day in Common Pleas Court 7 against the Hughes company and two bonding firms .,0,False
Travelers Indemnity Co. and the Continental Casualty Co. .,0,False
"At Berger's direction , the city also intervened in the Hughes bankruptcy case in U. S. District Court in a move preliminary to filing a claim there .",0,False
"`` I am taking the position that the contract was clearly violated '' , Berger said .",0,False
The contract violations mostly involve failure to perform rehabilitation work on expansion joints along the El track .,0,False
The contract called for overhauling of 102 joints .,0,False
"The city paid for work on 75 , of which no more than 21 were repaired , Hemphill charged .",0,False
Wide range in bids,0,False
Hemphill said the Hughes concern contracted to do the repairs at a cost of $500 for each joint .,0,False
"The bid from A. Belanger and Sons of Cambridge , Mass. , which listed the same officers as Hughes , was $600 per joint .",0,False
"But , Hemphill added , bids from other contractors ranged from $2400 to $3100 per joint .",0,False
Berger's decision to sue for the full amount of the performance bond was questioned by Wagner in the morning press conference .,0,False
"Wagner said the city paid only $37,500 to the Hughes company .",0,False
"`` We won't know the full amount until we get a full report '' , Wagner said .",0,True
"`` We can claim on the maximum amount of the bond '' , Berger said .",0,False
"Wagner replied , `` Can't you just see the headline : ' City Hooked for $172,000 ' '' ? ?",0,False
' know enough to sue ',0,False
Berger insisted that `` we know enough to sue for the full amount '' .,0,False
"Douglas M. Pratt , president of the PTC , who attended the meeting , said the transit company is reviewing the work on the El .",0,True
"`` We want to find out who knew about it '' , Pratt said .",0,False
`` Certain people must have known about it '' .,0,False
"`` The PTC is investigating the whole matter '' , Pratt said .",0,False
"Samuel D. Goodis , representing the Philadelphia Hotel Association , objected on Tuesday to a proposed boost by the city in licensing fees , saying that occupancy rates in major hotels here ranged from 48 to 74 percent last year .",0,True
Goodis voiced his objection before City Council's Finance Committee .,0,False
"For hotels with 1000 rooms , the increased license fee would mean an expense of $5000 a year , Goodis said .",0,False
Testifies at hearing,0,False
"His testimony came during a hearing on a bill raising fees for a wide variety of licenses , permits and city services .",0,False
"The new fees are expected to raise an additional $740,000 in the remainder of 1961 and $2,330,000 more a year after that .",0,False
"The ordinance would increase the fee for rooming houses , hotels and multi-family dwellings to $5 a room .",0,False
"The cost of a license now is $2 , with an annual renewal fee of $1 .",0,False
Goodis said that single rooms account for 95 percent of the accomodations in some hotels .,0,True
Revenue estimated,0,False
"The city expects the higher rooming house , hotel and apartment house fees to bring in an additional $457,000 a year .",0,False
"The increase also was opposed by Leonard Kaplan , spokesman for the Home Builders Association of Philadelphia , on behalf of association members who operate apartment houses .",0,False
"A proposal to raise dog license fees drew an objection from Councilwoman Virginia Knauer , who formerly raised pedigreed dogs .",0,False
The ordinance would increase fees from $1 for males and $2 for females to a flat $5 a dog .,0,False
Commissioner replies,0,False
Mrs. Knauer said she did not think dog owners should be penalized for the city's services to animal care .,0,False
"In reply , Deputy Police Commissioner Howard R. Leary said that the city spends more than $115,000 annually to license and regulate dogs but collects only $43,000 in fees .",0,False
"He reported that the city's contributions for animal care included $67,000 to the Women's S.P.C.A. ; ;",0,False
"$15,000 to pay six policemen assigned as dog catchers and $15,000 to investigate dog bites .",0,False
Backs higher fees,0,False
"City Finance Director Richard J. McConnell indorsed the higher fees , which , he said , had been under study for more than a year .",0,False
"The city is not adequately compensated for the services covered by the fees , he said .",0,False
The new fee schedule also was supported by Commissioner of Licenses and Inspections Barnet Lieberman and Health Commissioner Eugene A. Gillis .,0,False
"Petitions asking for a jail term for Norristown attorney Julian W. Barnard will be presented to the Montgomery County Court Friday , it was disclosed Tuesday by Horace A. Davenport , counsel for the widow of the man killed last Nov. 1 by Barnard's hit-run car .",0,False
"The petitions will be presented in open court to President Judge William F. Dannehower , Davenport said .",0,False
"Barnard , who pleaded no defense to manslaughter and hit-run charges , was fined $500 by Judge Warren K. Hess , and placed on two years' probation providing he does not drive during that time .",0,False
He was caught driving the day after the sentence was pronounced and given a warning .,0,False
"Victim of the accident was Robert Lee Stansbery , 39 .",0,False
His widow started the circulation of petitions after Barnard was reprimanded for violating the probation .,0,False
"The City Planning Commission on Tuesday approved agreements between two redevelopers and the Redevelopment Authority for the purchase of land in the $300,000,000 Eastwick Redevelopment Area project .",0,False
The commission also approved a novel plan that would eliminate traffic hazards for pedestrians in the project .,0,False
"One of the agreements calls for the New Eastwick Corp. to purchase a 1311 acre tract for $12,192,865 .",0,False
"The tract is bounded by Island Ave. , Dicks Ave. , 61st St. , and Eastwick Ave. .",0,False
Four parks planned,0,False
"It is designated as Stage 1 Residential on the Redevelopment Authority's master plan and will feature row houses , garden apartments , four small parks , schools , churches , a shopping center and several small clusters of stores .",0,False
"The corporation was formed by the Reynolds Metal Co. and the Samuel A. and Henry A. Berger firm , a Philadelphia builder , for work in the project .",0,False
"The second agreement permits the authority to sell a 520-acre tract west of Stage 1 Residential to Philadelphia Builders Eastwick Corp. , a firm composed of 10 Philadelphia area builders , which is interested in developing part of the project .",0,False
Would bar vehicles,0,False
"The plan for eliminating traffic hazards for pedestrians was developed by Dr. Constantinos A. Doxiadis , former Minister of Reconstruction in Greece and a consulting planner for the New Eastwick Corp. .",0,False
The plan calls for dividing the project into 16 sectors which would be barred to vehicular traffic .,0,False
It provides for a series of landscaped walkways and a central esplanade that would eventually run through the center of the entire two-and-a-half-mile length of the project .,0,False
"The esplanade eliminates Grovers Ave. , which on original plans ran through the center of the development .",0,False
The esplanade would feature pedestrian bridges over roads in the project .,0,False
"Kansas City , Mo. , Feb. 9 ( UPI )",0,False
-- The president of the Kansas City local of the International Association of Fire Fighters was severly injured today when a bomb tore his car apart as he left home for work .,0,True
"Battalion Chief Stanton M. Gladden , 42 , the central figure in a representation dispute between the fire fighters association and the teamsters union , suffered multiple fractures of both ankles .",0,False
He was in Baptist Memorial hospital .,0,False
Ignition sets off blast,0,False
The battalion chief said he had just gotten into his 1958 model automobile to move it from the driveway of his home so that he could take his other car to work .,0,False
"`` I'd just turned on the ignition when there was a big flash and I was lying on the driveway '' , he said .",0,False
"Gladden's wife and two of his sons , John , 17 , and Jim , 13 , were inside the house .",0,False
The younger boy said the blast knocked him out of bed and against the wall .,0,False
Hood flies over house,0,False
The explosion sent the hood of the car flying over the roof of the house .,0,False
The left front wheel landed 100 feet away .,0,True
"Police laboratory technicians said the explosive device , containing either TNT or nitroglycerine , was apparently placed under the left front wheel .",0,False
It was first believed the bomb was rigged to the car's starter .,0,False
Gladden had been the target of threatening telephone calls in recent months and reportedly received one last night .,0,False
The fire department here has been torn for months by dissension involving top personnel and the fight between the fire fighters association and the teamsters union .,0,False
Led fight on teamsters,0,False
"Gladden has been an outspoken critic of the present city administration and led his union's battle against the teamsters , which began organizing city firemen in 1959 .",0,True
"The fire fighters association here offered a $5,000 reward for information leading to the arrest of the person or persons responsible for the bombing .",0,False
"A $500 reward was offered by the association's local in Kansas City , Kas. .",0,False
The association said it would post 24 hour guards at Gladden's home and at those of James Mining and Eugene Shiflett .,0,False
Mining is secretary-treasurer of the local and Shiflett is a member of its executive committee .,0,True
Both have been active in the association .,0,False
"Ankara , Turkey , Oct. 24 ( AP )",0,False
-- Turkish political leaders bowed today to military pressure and agreed to form an emergency national front government with Gen. Cemal Gursel as president .,0,False
An agreement between the leaders of four parties which contested indecisive elections on Oct. 15 was reached after almost 18 hours of political bargaining under the threat of an army coup d'etat .,0,False
"By-passing the military junta which has ruled Turkey since the overthrow of Premier Adnan Menderes 17 months ago , the army general staff , led by Gen. Cedvet Sunay , had set a deadline for the parties to join in a national coalition government .",0,False
The army leaders threatened to form a new military government if the parties failed to sign an eight point protocol agreeing on Gen. Gursel as president .,0,False
Gen. Gursel has headed the military junta the last 17 months .,0,False
The military also had demanded pledges that there would be no changes in the laws passed by the junta and no leaders of the Menderes regime now in prison would be pardoned .,0,False
Party leaders came out of the final meeting apparently satisfied and stated that complete agreement had been reached on a solution to the crisis created by the elections which left no party with enough strength to form a government on its own .,0,False
"Vincent G. Ierulli has been appointed temporary assistant district attorney , it was announced Monday by Charles E. Raymond , District Attorney .",0,False
Ierulli will replace Desmond D. Connall who has been called to active military service but is expected back on the job by March 31 .,0,False
"Ierulli , 29 , has been practicing in Portland since November , 1959 .",0,False
He is a graduate of Portland University and the Northwestern College of Law .,0,True
He is married and the father of three children .,0,False
"Helping foreign countries to build a sound political structure is more important than aiding them economically , E. M. Martin , assistant secretary of state for economic affairs told members of the World Affairs Council Monday night .",0,False
"Martin , who has been in office in Washington , D. C. , for 13 months spoke at the council's annual meeting at the Multnomah Hotel .",0,False
"He told some 350 persons that the United States' challenge was to help countries build their own societies their own ways , following their own paths .",0,False
"`` We must persuade them to enjoy a way of life which , if not identical , is congenial with ours '' , he said but adding that if they do not develop the kind of society they themselves want it will lack ritiuality and loyalty .",0,False
Patience needed,0,False
"Insuring that the countries have a freedom of choice , he said , was the biggest detriment to the Soviet Union .",0,True
"He cited East Germany where after 15 years of Soviet rule it has become necessary to build a wall to keep the people in , and added , `` so long as people rebel , we must not give up '' .",0,False
Martin called for patience on the part of Americans .,0,False
"`` The countries are trying to build in a decade the kind of society we took a century to build '' , he said .",0,False
"By leaving our doors open the United States gives other peoples the opportunity to see us and to compare , he said .",0,False
Individual help best,0,False
"`` We have no reason to fear failure , but we must be extraordinarily patient '' , the assistant secretary said .",0,False
"Economically , Martin said , the United States could best help foreign countries by helping them help themselves .",0,False
"Private business is more effective than government aid , he explained , because individuals are able to work with the people themselves .",0,False
"The United States must plan to absorb the exported goods of the country , at what he termed a `` social cost '' .",0,False
Martin said the government has been working to establish firmer prices on primary products which may involve the total income of one country .,0,False
The Portland school board was asked Monday to take a positive stand towards developing and coordinating with Portland's civil defense more plans for the city's schools in event of attack .,0,False
"But there seemed to be some difference of opinion as to how far the board should go , and whose advice it should follow .",0,False
"The board members , after hearing the coordination plea from Mrs. Ralph H. Molvar , 1409 SW Maplecrest Dr. , said they thought they had already been cooperating .",0,False
"Chairman C. Richard Mears pointed out that perhaps this was not strictly a school board problem , in case of atomic attack , but that the board would cooperate so far as possible to get the children to where the parents wanted them to go .",0,False
"Dr. Melvin W. Barnes , superintendent , said he thought the schools were waiting for some leadership , perhaps on the national level , to make sure that whatever steps of planning they took would `` be more fruitful '' , and that he had found that other school districts were not as far along in their planning as this district .",0,False
"`` Los Angeles has said they would send the children to their homes in case of disaster '' , he said .",0,False
`` Nobody really expects to evacuate .,0,False
I think everybody is agreed that we need to hear some voice on the national level that would make some sense and in which we would have some confidence in following .,0,False
"Mrs. Molvar , who kept reiterating her request that they `` please take a stand '' , said , `` We must have faith in somebody -- on the local level , and it wouldn't be possible for everyone to rush to a school to get their children '' .",0,False
"Dr. Barnes said that there seemed to be feeling that evacuation plans , even for a high school where there were lots of cars `` might not be realistic and would not work '' .",0,False
Mrs. Molvar asked again that the board join in taking a stand in keeping with Jack Lowe's program .,0,False
The board said it thought it had gone as far as instructed so far and asked for more information to be brought at the next meeting .,0,False
"It was generally agreed that the subject was important and the board should be informed on what was done , is going to be done and what it thought should be done .",0,False
Salem ( AP ),0,False
-- The statewide meeting of war mothers Tuesday in Salem will hear a greeting from Gov. Mark Hatfield .,0,False
Hatfield also is scheduled to hold a public United Nations Day reception in the state capitol on Tuesday .,0,False
His schedule calls for a noon speech Monday in Eugene at the Emerald Empire Kiwanis Club .,0,False
He will speak to Willamette University Young Republicans Thursday night in Salem .,0,False
On Friday he will go to Portland for the swearing in of Dean Bryson as Multnomah County Circuit Judge .,0,False
He will attend a meeting of the Republican State Central Committee Saturday in Portland and see the Washington-Oregon football game .,0,False
Beaverton School District No. 48 board members examined blueprints and specifications for two proposed junior high schools at a Monday night workshop session .,0,False
A bond issue which would have provided some $3.5 million for construction of the two 900-student schools was defeated by district voters in January .,0,False
"Last week the board , by a 4 to 3 vote , decided to ask voters whether they prefer the 6-3-3 ( junior high school ) system or the 8-4 system .",0,False
"Board members indicated Monday night this would be done by an advisory poll to be taken on Nov. 15 , the same date as a $581,000 bond election for the construction of three new elementary schools .",0,False
"Secretary of Labor Arthur Goldberg will speak Sunday night at the Masonic Temple at a $25-a-plate dinner honoring Sen. Wayne L. Morse , Aj .",0,False
The dinner is sponsored by organized labor and is scheduled for 7 p.m. .,0,False
"Secretary Goldberg and Sen. Morse will hold a joint press conference at the Roosevelt Hotel at 4:30 p.m. Sunday , Blaine Whipple , executive secretary of the Democratic Party of Oregon , reported Tuesday .",0,False
"Other speakers for the fund-raising dinner include Reps. Edith Green and Al Ullman , Labor Commissioner Norman Nilsen and Mayor Terry Schrunk , all Democrats .",0,False
Oak Grove ( special ),0,False
-- Three positions on the Oak Lodge Water district board of directors have attracted 11 candidates .,0,False
The election will be Dec. 4 from 8 a.m. to 8 p.m. .,0,False
Polls will be in the water office .,0,False
Incumbent Richard Salter seeks re-election and is opposed by Donald Huffman for the five-year term .,0,False
"Incumbent William Brod is opposed in his re-election bid by Barbara Njust , Miles C. Bubenik and Frank Lee .",0,False
Five candidates seek the place vacated by Secretary Hugh G. Stout .,0,False
"Seeking this two-year term are James Culbertson , Dwight M. Steeves , James C. Piersee , W.M. Sexton and Theodore W. Heitschmidt .",0,False
"A stronger stand on their beliefs and a firmer grasp on their future were taken Friday by delegates to the 29th general council of the Assemblies of God , in session at the Memorial Coliseum .",0,False
"The council revised , in an effort to strengthen , the denomination's 16 basic beliefs adopted in 1966 .",0,True
"The changes , unanimously adopted , were felt necessary in the face of modern trends away from the Bible .",0,False
The council agreed it should more firmly state its belief in and dependence on the Bible .,0,False
"At the adoption , the Rev. T. F. Zimmerman , general superintendent , commented , `` The Assemblies of God has been a bulwark for fundamentalism in these modern days and has , without compromise , stood for the great truths of the Bible for which men in the past have been willing to give their lives '' .",0,False
New point added,0,False
Many changes involved minor editing and clarification ; ;,0,False
"however , the first belief stood for entire revision with a new third point added to the list .",0,False
"The first of 16 beliefs of the denomination , now reads :",0,False
"`` The scriptures , both Old and New Testament , are verbally inspired of God and are the revelation of God to man , the infallible , authoritative rule of faith and conduct '' .",0,True
"The third belief , in six points , emphasizes the Diety of the Lord Jesus Christ , and :",0,False
-- emphasizes the Virgin birth,0,False
-- the sinless life of Christ,0,False
-- His miracles,0,False
-- His substitutionary work on the cross,0,False
-- His bodily resurrection from the dead,0,False
-- and His exaltation to the right hand of God .,0,False
Super again elected,0,False
Friday afternoon the Rev. T. F. Zimmerman was reelected for his second consecutive two-year term as general superintendent of Assemblies of God .,0,False
"His offices are in Springfield , Mo. .",0,False
Election came on the nominating ballot .,0,False
"Friday night the delegates heard the need for their forthcoming program , `` Breakthrough '' scheduled to fill the churches for the next two years .",0,False
"In his opening address Wednesday the Rev. Mr. Zimmerman , urged the delegates to consider a 10-year expansion program , with `` Breakthrough '' the theme for the first two years .",0,False
"The Rev. R. L. Brandt , national secretary of the home missions department , stressed the need for the first two years' work .",0,False
`` Surveys show that one out of three Americans has vital contact with the church .,0,False
"This means that more than 100 million have no vital touch with the church or religious life '' , he told delegates Friday .",0,False
Church loses pace,0,False
"Talking of the rapid population growth ( upwards of 12,000 babies born daily ) with an immigrant entering the United States every 1-1/2 minutes , he said `` our organization has not been keeping pace with this challenge '' .",0,False
"`` In 35 years we have opened 7,000 churches '' , the Rev. Mr. Brandt said , adding that the denomination had a national goal of one church for every 10,000 persons .",0,False
"`` In this light we need 1,000 churches in Illinois , where we have 200 ; ;",0,False
